n,contrast,frequency,trial,method,rho,alpha,bound,actual_radius,oracle_radius,relative_radius_gap,envelope_gap,selection_seconds,certificate_valid,collapsed
4,1.0,0,0,local_predictor,0.1581032610693,1.7290823482848,0.23631432849712697,0.2371293456153292,0.2558703317545548,-0.07324407644573278,-0.0034370150016115944,0.005370473489165306,False,False
4,1.0,0,0,block_resolvent,0.1581032610693,1.7290823482848,0.2796954210364617,0.2371293456153292,0.2558703317545548,-0.07324407644573278,0.17950572633967934,0.20201141200959682,True,False
4,1.0,0,0,block_gershgorin,0.1,2.0,0.5226830517153102,0.31535304643756085,0.2558703317545548,0.23247210520704367,0.6574536305258118,0.20536462776362896,True,False
4,1.0,0,0,commutator_rectangle,0.1,2.0,0.5229340278008232,0.31535304643756085,0.2558703317545548,0.23247210520704367,0.6582494880206046,0.02623426914215088,True,False
4,1.0,0,0,comparison_rectangle,0.1,2.0,0.522508866265112,0.31535304643756085,0.2558703317545548,0.23247210520704367,0.6569012799074623,0.02725348435342312,True,False
4,1.0,1,0,local_predictor,0.130423495129,1.9972065561673,0.0019051252717561251,0.3625426808718335,0.1817329862837298,0.9949195150836039,-0.9947451007225557,0.005242655053734779,False,False
4,1.0,1,0,block_resolvent,0.130423495129,1.9972065561673,0.44617730632949787,0.3625426808718335,0.1817329862837298,0.9949195150836039,0.23068904675317656,0.31991895847022533,True,False
4,1.0,1,0,block_gershgorin,0.1,2.0,0.5226830517153103,0.30413785078435235,0.1817329862837298,0.6735423601608489,0.7185728457255275,0.26311998441815376,True,False
4,1.0,1,0,commutator_rectangle,0.1,2.0,0.42306093657307536,0.30413785078435235,0.1817329862837298,0.6735423601608489,0.39101705191257147,0.027983473613858223,True,False
4,1.0,1,0,comparison_rectangle,0.1,2.0,0.4158660249801703,0.30413785078435235,0.1817329862837298,0.6735423601608489,0.36736030687294596,0.029522137716412544,True,False
4,1.0,3,0,local_predictor,0.1306001394251,1.9960421252307,0.002703736460324957,0.3620991267677633,0.2118710748941028,0.7090540884297081,-0.9925331594017927,0.005275320261716843,False,False
4,1.0,3,0,block_resolvent,0.1306001394251,1.9960421252307,0.44606014781584263,0.3620991267677633,0.2118710748941028,0.7090540884297081,0.23187302824380676,0.28536805137991905,True,False
4,1.0,3,0,block_gershgorin,0.1,2.0,0.5226830517153102,0.3041432657758839,0.2118710748941028,0.4355110339054092,0.718542248114292,0.25623528473079205,True,False
4,1.0,3,0,commutator_rectangle,0.1,2.0,0.41781950573458854,0.3041432657758839,0.2118710748941028,0.4355110339054092,0.37375885890062743,0.06430822052061558,True,False
4,1.0,3,0,comparison_rectangle,0.1,2.0,0.41242759787236905,0.3041432657758839,0.2118710748941028,0.4355110339054092,0.35603067462383775,0.061052387580275536,True,False
4,4.0,0,0,local_predictor,0.3307065875203,1.9034501883384,0.4212831716771652,0.4902008448420454,0.4533232781682501,0.0813493779159258,-0.140590686225943,0.02100716158747673,False,False
4,4.0,0,0,block_resolvent,100.0,1e-06,1.0000000116957901,0.9999999984993584,0.4533232781682501,1.2059312783143914,1.3196431744951841e-08,0.22887085378170013,True,True
4,4.0,0,0,block_gershgorin,1.2487604445918,2.0,0.7861365766273483,0.7857490568707884,0.4533232781682501,0.7333084240583806,0.0004931851373810084,0.3236382529139519,True,False
4,4.0,0,0,commutator_rectangle,1.2487604445918,2.0,0.7994717759586547,0.7857490568707884,0.4533232781682501,0.7333084240583806,0.017464505961377032,0.05320928432047367,True,False
4,4.0,0,0,comparison_rectangle,1.2487604445918,2.0,0.7950855916057977,0.7857490568707884,0.4533232781682501,0.7333084240583806,0.01188233654672349,0.08274613320827484,True,False
4,4.0,1,0,local_predictor,0.6497985568972,1.9997733389299,0.0004671268887593838,0.28562839377032295,0.1839749175137356,0.5525398659249182,-0.9983645642416944,0.020976366475224495,False,False
4,4.0,1,0,block_resolvent,0.6508282630351,2.0,0.8578603028869344,0.2852407720403518,0.1839749175137356,0.5504329388763318,2.0074953757507585,0.4500151388347149,True,False
4,4.0,1,0,block_gershgorin,1.0505198488559,2.0,0.7510950567158059,0.4629285068323252,0.1839749175137356,1.5162588090181526,0.6224860764253083,0.6332373637706041,True,False
4,4.0,1,0,commutator_rectangle,0.6491717369649,1.8793079428538,0.7390081400106981,0.20848788332002566,0.1839749175137356,0.1332408033527718,2.544609539137256,0.09678375907242298,True,False
4,4.0,1,0,comparison_rectangle,0.6508282630351,1.9259578999545,0.6497833048082531,0.23765980912736925,0.1839749175137356,0.2918054935919487,1.7340899885180587,0.045474698767066,True,False
4,4.0,3,0,local_predictor,0.6467709470219,1.9965054460586,0.0072817100221360676,0.28519054372430697,0.2450650493055327,0.1637340556414806,-0.9744672108442162,0.005072960630059242,False,False
4,4.0,3,0,block_resolvent,0.6530575811487,2.0,0.8656087633639266,0.2841842367483303,0.2450650493055327,0.1596277704783032,2.045942214347722,0.21232811361551285,True,False
4,4.0,3,0,block_gershgorin,1.0406654618473,2.0,0.7490526906029106,0.4593542350907629,0.2450650493055327,0.8744175735890721,0.6306646012633512,0.4647745229303837,True,False
4,4.0,3,0,commutator_rectangle,0.6370497667541,1.8698452458276,0.735707856187247,0.208372607606114,0.2450650493055327,-0.14972531498635983,2.530732108406269,0.028711143881082535,True,False
4,4.0,3,0,comparison_rectangle,0.6629502332459,1.9316002890189,0.6465765815522432,0.23532761021310228,0.2450650493055327,-0.03973409966057765,1.7475593746383267,0.030325455591082573,True,False
4,16.0,0,0,local_predictor,0.5020593303706,1.8898890800668,0.5389208771843583,0.5703289480119741,0.5352488496185467,0.06553979222641539,-0.055070097593847456,0.020690103992819786,False,False
4,16.0,0,0,block_resolvent,0.01,1e-06,1.000000039846229,0.9999999930478791,0.5352488496185467,0.8682898501520264,4.6798350187335066e-08,0.2949925437569618,True,True
4,16.0,0,0,block_gershgorin,1.2881663255933,1.9969579138249,0.8010479909678146,0.7918151700902554,0.5352488496185467,0.4793402557605768,0.011660323300583987,0.7105560824275017,True,False
4,16.0,0,0,commutator_rectangle,1.2881663255933,1.9969579138249,0.845490733143744,0.7918151700902554,0.5352488496185467,0.4793402557605768,0.0677879953314994,0.028399672359228134,True,False
4,16.0,0,0,comparison_rectangle,1.2881663255933,2.0,0.8161032894921655,0.7914980296094533,0.5352488496185467,0.4787477454151027,0.031086950266765837,0.02915089949965477,True,False
4,16.0,1,0,local_predictor,3.7547328465999,1.5983056816774,0.08745223778703481,0.8289489733263998,0.2117061031833401,2.91556483663827,-0.8945022666038089,0.005325427278876305,False,False
4,16.0,1,0,block_resolvent,8.3670477945083,2.0,0.9904843196889486,0.8984698054090565,0.2117061031833401,3.243948530057117,0.10241247254603014,0.5489145573228598,True,False
4,16.0,1,0,block_gershgorin,0.9106564777945,1.9962354149261,0.7639333650205837,0.2630922630034733,0.2117061031833401,0.24272403604553705,1.9036709643205978,0.5816889312118292,True,False
4,16.0,1,0,commutator_rectangle,0.9106564777945,1.8910833543607,0.8274004056922513,0.30190901097437317,0.2117061031833401,0.4260760858316694,1.7405621416264492,0.02850191667675972,True,False
4,16.0,1,0,comparison_rectangle,0.9106564777945,2.0,0.6744590615756388,0.26170257126331176,0.2117061031833401,0.2361597862706589,1.577196923667336,0.029733842238783836,True,False
4,16.0,3,0,local_predictor,3.7289503947626,1.594567733242,0.09135744998535733,0.8299853381857165,0.2118622852042934,2.9175700261393045,-0.8899288387611067,0.0055001843720674515,False,False
4,16.0,3,0,block_resolvent,8.1794535568236,1.9825179265826,0.9998727167671091,0.8982522176861608,0.2118622852042934,3.239792924068572,0.11313136453224247,0.449457835406065,True,False
4,16.0,3,0,block_gershgorin,0.9044033147232,1.9963707690045,0.763109961360643,0.25911198770857335,0.2118622852042934,0.22302082911414967,1.9450970914511403,0.5323105752468109,True,False
4,16.0,3,0,commutator_rectangle,0.9044033147232,1.8828905358511,0.8272971906100537,0.30122648150939935,0.2118622852042934,0.42180323042836215,1.7464291534548866,0.028823774307966232,True,False
4,16.0,3,0,comparison_rectangle,0.9044033147232,2.0,0.6745615341714118,0.2577651167865241,0.2118622852042934,0.21666353470117514,1.6169620722189118,0.06090082414448261,True,False
5,1.0,0,0,local_predictor,0.1576549831574,1.7346241051762,0.23311781245973984,0.2337632574699196,0.2564840582837075,-0.08858562581170445,-0.0027611054755378884,0.02907743491232395,False,False
5,1.0,0,0,block_resolvent,0.1576549831574,1.7346241051762,0.2694093604390326,0.2337632574699196,0.2564840582837075,-0.08858562581170445,0.15248804861345616,0.5262838248163462,True,False
5,1.0,0,0,block_gershgorin,0.1,2.0,0.5272285813388835,0.3117371646981588,0.2564840582837075,0.2154251097872663,0.6912599492247753,0.41656202264130116,True,False
5,1.0,0,0,commutator_rectangle,0.1,2.0,0.5273841673367591,0.3117371646981588,0.2564840582837075,0.2154251097872663,0.6917590427416687,0.054473720490932465,True,False
5,1.0,0,0,comparison_rectangle,0.1,2.0,0.5270875518749997,0.3117371646981588,0.2564840582837075,0.2154251097872663,0.6908075506022999,0.0408586710691452,True,False
5,1.0,1,0,local_predictor,0.1304770872272,1.99690070567,0.002125078379749068,0.36205386296352504,0.181653299045461,0.9931037028560465,-0.9941304910756796,0.00521184504032135,False,False
5,1.0,1,0,block_resolvent,0.1304770872272,1.9969007056699,0.44802853584356733,0.36205386296345726,0.181653299045461,0.9931037028556734,0.23746376347540213,0.3969511426985264,True,False
5,1.0,1,0,block_gershgorin,0.1,2.0,0.5272285813388835,0.30385816656385806,0.181653299045461,0.6727368462920885,0.7351140741122141,0.7760712038725615,True,False
5,1.0,1,0,commutator_rectangle,0.1,2.0,0.46166069948792116,0.30385816656385806,0.181653299045461,0.6727368462920885,0.5193295763893834,0.09771314635872841,True,False
5,1.0,1,0,comparison_rectangle,0.1,2.0,0.45685578672791943,0.30385816656385806,0.181653299045461,0.6727368462920885,0.5035165646334794,0.04477233998477459,True,False
5,1.0,3,0,local_predictor,0.1301928584116,1.9987467383229,0.0008569849290976927,0.3750705645358573,0.1932518425728364,0.9408382323417881,-0.9977151368032354,0.005156336352229118,False,False
5,1.0,3,0,block_resolvent,0.1301928584116,1.9987467383229,0.4458728385007955,0.3750705645358573,0.1932518425728364,0.9408382323417881,0.18877054255791756,0.6525815166532993,True,False
5,1.0,3,0,block_gershgorin,0.1,2.0,0.5272285813388833,0.31174064380037814,0.1932518425728364,0.6131315471565734,0.6912410743479827,0.6131240297108889,True,False
5,1.0,3,0,commutator_rectangle,0.1,2.0,0.4808899445304378,0.31174064380037814,0.1932518425728364,0.6131315471565734,0.5425962385526276,0.1019013449549675,True,False
5,1.0,3,0,comparison_rectangle,0.1,2.0,0.4792617617041443,0.31174064380037814,0.1932518425728364,0.6131315471565734,0.5373733622332468,0.12093871831893921,True,False
5,4.0,0,0,local_predictor,0.3230666487398,1.9118755298655,0.4091644057239324,0.4890548700642543,0.4373388300603751,0.11825165397899778,-0.16335685263664892,0.005133390426635742,False,False
5,4.0,0,0,block_resolvent,100.0,1e-06,1.0000000118098615,0.9999999984966574,0.4373388300603751,1.2865566232904733,1.3313204114714688e-08,0.5566671770066023,True,True
5,4.0,0,0,block_gershgorin,1.228359223743,2.0,0.7829907725170888,0.7822324309188509,0.4373388300603751,0.7886187485590127,0.0009694581409098156,0.8400020524859428,True,False
5,4.0,0,0,commutator_rectangle,1.228359223743,2.0,0.7949197632737154,0.7822324309188509,0.4373388300603751,0.7886187485590127,0.016219389344368302,0.10637220740318298,True,False
5,4.0,0,0,comparison_rectangle,1.228359223743,2.0,0.7902426586707794,0.7822324309188509,0.4373388300603751,0.7886187485590127,0.010240214334400928,0.10494141280651093,True,False
5,4.0,1,0,local_predictor,0.6378418244082,1.9975940951253,0.004404385755787166,0.2941298688279583,0.2719300438177363,0.08163800034210873,-0.9850257106721678,0.029001198709011078,False,False
5,4.0,1,0,block_resolvent,0.6421029974604,2.0,0.8652188078691391,0.29358688159942753,0.2719300438177363,0.0796412102084864,1.9470622227925398,0.38931055553257465,True,False
5,4.0,1,0,block_gershgorin,0.9890584153633,2.0,0.737788305019854,0.4591608784300759,0.2719300438177363,0.688525739869453,0.606818741924263,0.9796401634812355,True,False
5,4.0,1,0,commutator_rectangle,0.6322569500721,1.8642491422705,0.7518481004859857,0.26968241797211645,0.2719300438177363,-0.008265456122701617,1.7879018073908042,0.07382569462060928,True,False
5,4.0,1,0,comparison_rectangle,0.6477430499279,1.926896519942,0.6813998701096193,0.25556006685025834,0.2719300438177363,-0.06019922159998648,1.6663002499090578,0.07643525302410126,True,False
5,4.0,3,0,local_predictor,0.6379034551505,1.997661316796,0.004280404770047541,0.4118306865748989,0.3346545998905397,0.2306141517540841,-0.9896063967315144,0.004933880642056465,False,False
5,4.0,3,0,block_resolvent,0.6420444363038,2.0,0.8652328237911386,0.41399136133234404,0.3346545998905397,0.23707058402231485,1.089977967188902,0.36841239035129547,True,False
5,4.0,3,0,block_gershgorin,0.9892292529939,2.0,0.7378272522699016,0.5805672966682772,0.3346545998905397,0.7348253896948428,0.2708729143100169,1.1851843316107988,True,False
5,4.0,3,0,commutator_rectangle,0.6475246146847,1.9203158934399,0.7774109668563132,0.44091479781140874,0.3346545998905397,0.31752200016263066,0.7631773093468117,0.09861709736287594,True,False
5,4.0,3,0,comparison_rectangle,0.6475246146847,1.9322726844702,0.7227722640127581,0.4374336700690741,0.3346545998905397,0.3071198489790722,0.6523013966863294,0.12516698986291885,True,False
5,16.0,0,0,local_predictor,0.4661767115051,1.9014572329094,0.5310165109882747,0.5404171073982331,0.5233221200132863,0.03266628092180175,-0.017395075546768522,0.004990933462977409,False,False
5,16.0,0,0,block_resolvent,0.01,1e-06,1.0000000383650414,0.9999999929518677,0.5233221200132863,0.9108689556758645,4.541317398609822e-08,0.5987289678305387,True,True
5,16.0,0,0,block_gershgorin,1.2689917887439,1.996637999405,0.799617283130379,0.7890862210589411,0.5233221200132863,0.5078403738005716,0.013345895277838497,1.823039649054408,True,False
5,16.0,0,0,commutator_rectangle,1.2689917887439,1.996637999405,0.8400751650762452,0.7890862210589411,0.5233221200132863,0.5078403738005716,0.06461770926487322,0.0942760519683361,True,False
5,16.0,0,0,comparison_rectangle,1.2689917887439,2.0,0.8108825252463707,0.7887310779381049,0.5233221200132863,0.5071617418313608,0.028084917569336745,0.1333636026829481,True,False
5,16.0,1,0,local_predictor,3.5085022210824,1.5815455612809,0.09022106453928247,0.8295979422275807,0.2590461171708337,2.202510623544625,-0.8912472416493381,0.00553041510283947,False,False
5,16.0,1,0,block_resolvent,7.9559718652565,1e-06,1.0000000013836243,0.9999999494314465,0.2590461171708337,2.8603163033398196,5.195218040912419e-08,0.8661879282444715,True,True
5,16.0,1,0,block_gershgorin,0.8919625477147,1.9967167093286,0.761492947424601,0.36450915575534354,0.2590461171708337,0.40712070783504506,1.0890914134834813,1.3879737220704556,True,False
5,16.0,1,0,commutator_rectangle,0.8919625477147,1.8428287683361,0.8346697697304747,0.41348674836199817,0.2590461171708337,0.596189716633796,1.0186131067971746,0.043556857854127884,True,False
5,16.0,1,0,comparison_rectangle,0.8919625477147,2.0,0.6954552103029038,0.3634641897113769,0.2590461171708337,0.4030868081750956,0.9134077853863884,0.12920178286731243,True,False
5,16.0,3,0,local_predictor,3.4797780895595,1.5774613898646,0.09470102161774435,0.8843603388695539,0.3800847643925731,1.3267450361576092,-0.8929157974917812,0.005235886201262474,False,False
5,16.0,3,0,block_resolvent,7.8262339393843,1e-06,1.0000000085326624,0.9999999660418932,0.3800847643925731,1.6309919779079505,4.249077056834227e-08,0.5402992554008961,True,True
5,16.0,3,0,block_gershgorin,0.884660044276,1.9969028589058,0.7604992412891494,0.5211748694131703,0.3800847643925731,0.3712069470768665,0.45920167283862384,1.1689768452197313,True,False
5,16.0,3,0,commutator_rectangle,0.884660044276,2.0,0.8039718694315141,0.5204322248812816,0.3800847643925731,0.36925305520467977,0.5448156954825619,0.059608981013298035,True,False
5,16.0,3,0,comparison_rectangle,0.884660044276,2.0,0.7318405633351204,0.5204322248812816,0.3800847643925731,0.36925305520467977,0.4062168488933678,0.08247256651520729,True,False
