regime,level,smooth,method,rho,alpha,bound,actual_radius,oracle_radius,envelope_gap,parameter_gap,normalized_commutator,certificate_valid,certified,collapsed
magnitude,0.05,True,local_predictor,0.15679014489703375,1.7459251648483078,0.2267365988061424,0.24304045808734337,0.2327986285956703,-0.06708290220281653,0.0439943721037176,0.023296766876572995,False,False,False
magnitude,0.05,True,pixel_curvature_predictor,0.16205918711515982,1.7496688865311774,0.23464257035417502,0.2346425703541754,0.2327986285956703,-1.656042456542627e-15,0.007920758681562964,0.023296766876572995,False,False,False
magnitude,0.05,True,predict_then_certify,0.16205918711515982,1.7496688865311774,0.578307717751881,0.2346425703541754,0.2327986285956703,1.4646325552902386,0.007920758681562964,0.023296766876572995,True,True,False
magnitude,0.05,True,predict_angular_certify,0.16205918711515982,1.7496688865311774,0.6071153172153165,0.2346425703541754,0.2327986285956703,1.587404818737373,0.007920758681562964,0.023296766876572995,True,True,False
magnitude,0.05,True,block_resolvent,0.15679014489703375,1.7459251648483078,0.2557857071268935,0.24304045808734337,0.2327986285956703,0.052440853427661804,0.0439943721037176,0.023296766876572995,True,True,False
magnitude,0.05,True,block_gershgorin,0.10000000000000006,2.0,0.5471627011179533,0.3214722450056744,0.2327986285956703,0.7020526954303479,0.3809026579963852,0.023296766876572995,True,True,False
magnitude,0.05,True,commutator_rectangle,0.10000000000000006,2.0,0.5365416750466225,0.3214722450056744,0.2327986285956703,0.6690139922877382,0.3809026579963852,0.023296766876572995,True,True,False
magnitude,0.05,True,comparison_rectangle,0.10000000000000006,2.0,0.5091207817364488,0.3214722450056744,0.2327986285956703,0.5837161361394113,0.3809026579963852,0.023296766876572995,True,True,False
magnitude,0.2,True,local_predictor,0.15794677299201645,1.7467119480805553,0.22849095313068668,0.29540814655254966,0.25333502391713386,-0.226524536316263,0.16607700737493744,0.0773906569929359,False,False,False
magnitude,0.2,True,pixel_curvature_predictor,0.17769206013559724,1.7628651099051726,0.25686619962603086,0.25686619962603147,0.25333502391713386,-2.377201299481343e-15,0.013938758464177681,0.0773906569929359,False,False,False
magnitude,0.2,True,predict_then_certify,0.17769206013559724,1.7628651099051726,0.586955762940386,0.25686619962603147,0.25333502391713386,1.2850642232996325,0.013938758464177681,0.0773906569929359,True,True,False
magnitude,0.2,True,predict_angular_certify,0.17769206013559724,1.7628651099051726,0.6171028955620832,0.25686619962603147,0.25333502391713386,1.4024293443844156,0.013938758464177681,0.0773906569929359,True,True,False
magnitude,0.2,True,block_resolvent,0.15794677299201645,1.7467119480805553,0.3545797300199086,0.29540814655254966,0.25333502391713386,0.20030450804386676,0.16607700737493744,0.0773906569929359,True,True,False
magnitude,0.2,True,block_gershgorin,0.14601369798755193,1.8871277076045,0.6076854527744774,0.3124109060570821,0.25333502391713386,0.9451480117772977,0.23319271542679398,0.0773906569929359,True,True,False
magnitude,0.2,True,commutator_rectangle,0.14601369798755193,1.8871277076045,0.6098822382713213,0.3124109060570821,0.25333502391713386,0.952179730114437,0.23319271542679398,0.0773906569929359,True,True,False
magnitude,0.2,True,comparison_rectangle,0.10000000000000007,2.0,0.5384152996559602,0.3805364809441054,0.25333502391713386,0.4148848444705217,0.5021076638364037,0.0773906569929359,True,True,False
magnitude,0.5,True,local_predictor,0.16418441381303664,1.7512893372372256,0.2377700077517555,0.37483352907772144,0.28806949493276923,-0.36566505046443143,0.3011913294227892,0.13900812591194842,False,False,False
magnitude,0.5,True,pixel_curvature_predictor,0.20688892959584512,1.793471358011043,0.2940135828668671,0.2940135828668675,0.28806949493276923,-1.5104377339299693e-15,0.020634215141334348,0.13900812591194842,False,False,False
magnitude,0.5,True,predict_then_certify,0.20688892959584512,1.793471358011043,0.6729552783067942,0.2940135828668675,0.28806949493276923,1.2888577859054748,0.020634215141334348,0.13900812591194842,True,True,False
magnitude,0.5,True,predict_angular_certify,0.20688892959584512,1.793471358011043,0.7020627607833492,0.2940135828668675,0.28806949493276923,1.3878582544985707,0.020634215141334348,0.13900812591194842,True,True,False
magnitude,0.5,True,block_resolvent,0.16418441381303664,1.7512893372372256,0.590830102259564,0.37483352907772144,0.28806949493276923,0.5762466706575117,0.3011913294227892,0.13900812591194842,True,True,False
magnitude,0.5,True,block_gershgorin,0.15165750888103108,1.9542367323396,0.6840266994039003,0.36677270067456147,0.28806949493276923,0.864988037947893,0.2732090940769702,0.13900812591194842,True,True,False
magnitude,0.5,True,commutator_rectangle,0.15165750888103108,1.9542367323396,0.6974866724186272,0.36677270067456147,0.28806949493276923,0.9016864426818647,0.2732090940769702,0.13900812591194842,True,True,False
magnitude,0.5,True,comparison_rectangle,0.15165750888103108,1.8363557428141,0.5929771107291024,0.37377061625902014,0.28806949493276923,0.586473320626611,0.2975015502639464,0.13900812591194842,True,True,False
orientation,0.05,True,local_predictor,0.1567035812339974,1.746496784734887,0.22604339562549902,0.22704726490822474,0.22584088212421496,-0.004421411035854136,0.005341737831799009,0.012420996315938966,False,False,False
orientation,0.05,True,pixel_curvature_predictor,0.15671255064420267,1.7458731159795278,0.22661851953000756,0.22661851953000792,0.22584088212421496,-1.5922021013617874e-15,0.0034432977699991596,0.012420996315938966,False,False,False
orientation,0.05,True,predict_then_certify,0.15671255064420267,1.7458731159795278,0.5764185699690112,0.22661851953000792,0.22584088212421496,1.5435633908670212,0.0034432977699991596,0.012420996315938966,True,True,False
orientation,0.05,True,predict_angular_certify,0.15671255064420267,1.7458731159795278,0.6050937502961579,0.22661851953000792,0.22584088212421496,1.6700984171597406,0.0034432977699991596,0.012420996315938966,True,True,False
orientation,0.05,True,block_resolvent,0.1567035812339974,1.746496784734887,0.2514645173103785,0.22704726490822474,0.22584088212421496,0.1075425965251046,0.005341737831799009,0.012420996315938966,True,True,False
orientation,0.05,True,block_gershgorin,0.10000000000000009,2.0,0.5069124423963132,0.30414746543778753,0.22584088212421496,0.6666666666666686,0.3467334283192495,0.012420996315938966,True,True,False
orientation,0.05,True,commutator_rectangle,0.10000000000000009,2.0,0.5068741378829068,0.30414746543778753,0.22584088212421496,0.6665407260695598,0.3467334283192495,0.012420996315938966,True,True,False
orientation,0.05,True,comparison_rectangle,0.10000000000000009,2.0,0.5066920901460148,0.30414746543778753,0.22584088212421496,0.6659421751770513,0.3467334283192495,0.012420996315938966,True,True,False
orientation,0.2,True,local_predictor,0.15654307211670482,1.7556675350096094,0.21753914746395675,0.2333204568456846,0.22056655839927533,-0.0676379156593432,0.05782335517663479,0.048989962615498574,False,False,False
orientation,0.2,True,pixel_curvature_predictor,0.15671255064420267,1.7458731159795278,0.22661851953000756,0.22661851953000747,0.22056655839927533,3.6743125416041323e-16,0.02743825344446244,0.048989962615498574,False,False,False
orientation,0.2,True,predict_then_certify,0.15671255064420267,1.7458731159795278,0.5730408097023416,0.22661851953000747,0.22056655839927533,1.5286583412988142,0.02743825344446244,0.048989962615498574,True,True,False
orientation,0.2,True,predict_angular_certify,0.15671255064420267,1.7458731159795278,0.6016624262121988,0.22661851953000747,0.22056655839927533,1.6549570064265213,0.02743825344446244,0.048989962615498574,True,True,False
orientation,0.2,True,block_resolvent,0.15654307211670482,1.7556675350096094,0.3230053126180934,0.2333204568456846,0.22056655839927533,0.3843848798552856,0.05782335517663479,0.048989962615498574,True,True,False
orientation,0.2,True,block_gershgorin,0.10000000000000009,2.0,0.5069124423963132,0.30414746543778787,0.22056655839927533,0.6666666666666669,0.3789373495469436,0.048989962615498574,True,True,False
orientation,0.2,True,commutator_rectangle,0.10000000000000009,2.0,0.5062566714308615,0.30414746543778787,0.22056655839927533,0.6645105712196515,0.3789373495469436,0.048989962615498574,True,True,False
orientation,0.2,True,comparison_rectangle,0.10000000000000009,2.0,0.5034060996550169,0.30414746543778787,0.22056655839927533,0.6551382367445262,0.3789373495469436,0.048989962615498574,True,True,False
orientation,0.6,True,local_predictor,0.15344100475521008,1.8230895239894986,0.15299480001681753,0.2771658490622826,0.2084496415554173,-0.4480027011464976,0.3296537571094685,0.13032540684270022,False,False,False
orientation,0.6,True,pixel_curvature_predictor,0.15671255064420267,1.7458731159795278,0.22661851953000756,0.22661851953000764,0.2084496415554173,-3.6743125416041293e-16,0.0871619535491505,0.13032540684270022,False,False,False
orientation,0.6,True,predict_then_certify,0.15671255064420267,1.7458731159795278,0.5455433745722772,0.22661851953000764,0.2084496415554173,1.4073203536220222,0.0871619535491505,0.13032540684270022,True,True,False
orientation,0.6,True,predict_angular_certify,0.15671255064420267,1.7458731159795278,0.5669408255935071,0.22661851953000764,0.2084496415554173,1.5017409290701669,0.0871619535491505,0.13032540684270022,True,True,False
orientation,0.6,True,block_resolvent,0.15344100475521008,1.8230895239894986,0.4657103649735391,0.2771658490622826,0.2084496415554173,0.6802588289616022,0.3296537571094685,0.13032540684270022,True,True,False
orientation,0.6,True,block_gershgorin,0.10000000000000009,2.0,0.5069124423963133,0.3041474654377875,0.2084496415554173,0.6666666666666693,0.4590932522996375,0.13032540684270022,True,True,False
orientation,0.6,True,commutator_rectangle,0.10000000000000009,2.0,0.49810798174914234,0.3041474654377875,0.2084496415554173,0.6377186672661224,0.4590932522996375,0.13032540684270022,True,True,False
orientation,0.6,True,comparison_rectangle,0.10000000000000009,2.0,0.4768384083713067,0.3041474654377875,0.2084496415554173,0.5677868881299051,0.4590932522996375,0.13032540684270022,True,True,False
discontinuous,1.0,False,local_predictor,0.1450238425005248,1.9017505781451511,0.07845512931755083,0.32118614730091405,0.1899626352068969,-0.7557331473450892,0.690785911403554,0.16576862269574735,False,False,False
discontinuous,1.0,False,pixel_curvature_predictor,0.15671255064420267,1.7458731159795278,0.22661851953000756,0.22661851953000733,0.1899626352068969,9.798166777611025e-16,0.19296365457968534,0.16576862269574735,False,False,False
discontinuous,1.0,False,predict_then_certify,0.15671255064420267,1.7458731159795278,0.48957453194733774,0.22661851953000733,0.1899626352068969,1.160346528442092,0.19296365457968534,0.16576862269574735,True,True,False
discontinuous,1.0,False,predict_angular_certify,0.15671255064420267,1.7458731159795278,0.5038445508249133,0.22661851953000733,0.1899626352068969,1.2233158696379072,0.19296365457968534,0.16576862269574735,True,True,False
discontinuous,1.0,False,block_resolvent,0.1450238425005248,1.9017505781451511,0.5784578085168322,0.32118614730091405,0.1899626352068969,0.8010048483656566,0.690785911403554,0.16576862269574735,True,True,False
discontinuous,1.0,False,block_gershgorin,0.10333333333333335,1.9947794251999,0.49381092677541394,0.2932177880504364,0.1899626352068969,0.6841097194637915,0.543555066663924,0.16576862269574735,True,True,False
discontinuous,1.0,False,commutator_rectangle,0.10333333333333335,1.9947794251999,0.44248015384531175,0.2932177880504364,0.1899626352068969,0.5090494911215984,0.543555066663924,0.16576862269574735,True,True,False
discontinuous,1.0,False,comparison_rectangle,0.10333333333333335,1.9947794251999,0.424215929529004,0.2932177880504364,0.1899626352068969,0.4467605541585853,0.543555066663924,0.16576862269574735,True,True,False
smoothed,0.6,True,local_predictor,0.141809375714976,1.92438068685052,0.058550465398290785,0.33151411110620044,0.2270230250066792,-0.8233846963469553,0.46026646899118284,0.23923916927781372,False,False,False
smoothed,0.6,True,pixel_curvature_predictor,0.20601026983657833,1.7924667961575316,0.2929699697548143,0.2921514804567667,0.2270230250066792,0.0028015921629695184,0.28688039659488884,0.23923916927781372,False,False,False
smoothed,0.6,True,predict_then_certify,0.20601026983657833,1.7924667961575316,0.6292834767514439,0.2921514804567667,0.2270230250066792,1.1539629912796792,0.28688039659488884,0.23923916927781372,True,True,False
smoothed,0.6,True,predict_angular_certify,0.20601026983657833,1.7924667961575316,0.6337973543322214,0.2921514804567667,0.2270230250066792,1.1694134609254951,0.28688039659488884,0.23923916927781372,True,True,False
smoothed,0.6,True,block_resolvent,0.141809375714976,1.9243806868505196,0.5408294759455964,0.3315141111062,0.2270230250066792,0.6313920217180214,0.46026646899118084,0.23923916927781372,True,True,False
smoothed,0.6,True,block_gershgorin,0.141809375714976,1.9826669062633,0.6736291392471283,0.37184340985746006,0.2270230250066792,0.8115935939414732,0.6379105592770606,0.23923916927781372,True,True,False
smoothed,0.6,True,commutator_rectangle,0.12232333671760913,1.988736360413,0.6262945755568115,0.3488628161876046,0.2270230250066792,0.7952460007088145,0.536684731327762,0.23923916927781372,True,True,False
smoothed,0.6,True,comparison_rectangle,0.11258873497141537,1.9562914964546,0.4983973540904431,0.39302903674932155,0.2270230250066792,0.26809295876102585,0.7312298465662604,0.23923916927781372,True,True,False
smoothed,1.0,True,local_predictor,0.14399660473982773,1.9091856835270518,0.071808662726358,0.324850573692046,0.21210199316970713,-0.7789486350286343,0.5315771852842818,0.18374132618410843,False,False,False
smoothed,1.0,True,pixel_curvature_predictor,0.1914189173622899,1.7764717675116635,0.27498768072010327,0.27496246794908125,0.21210199316970713,9.16953183104601e-05,0.2963690903605897,0.18374132618410843,False,False,False
smoothed,1.0,True,predict_then_certify,0.1914189173622899,1.7764717675116635,0.5742058957665205,0.27496246794908125,0.21210199316970713,1.0883064516021672,0.2963690903605897,0.18374132618410843,True,True,False
smoothed,1.0,True,predict_angular_certify,0.1914189173622899,1.7764717675116635,0.5839069089996793,0.27496246794908125,0.21210199316970713,1.1235876785474945,0.2963690903605897,0.18374132618410843,True,True,False
smoothed,1.0,True,block_resolvent,0.14399660473982773,1.9091856835270518,0.5098912200779617,0.324850573692046,0.21210199316970713,0.5696177300315676,0.5315771852842818,0.18374132618410843,True,True,False
smoothed,1.0,True,block_gershgorin,0.1242183970223651,2.0,0.6289270703595851,0.35167760763519523,0.21210199316970713,0.788362570448296,0.6580589478657601,0.18374132618410843,True,True,False
smoothed,1.0,True,commutator_rectangle,0.1242183970223651,1.9508966825253,0.5733329773906015,0.33057659158712893,0.21210199316970713,0.7343423339141366,0.5585737156304225,0.18374132618410843,True,True,False
smoothed,1.0,True,comparison_rectangle,0.10728538609254241,1.9835002491324,0.4714226278692536,0.37878496814584484,0.21210199316970713,0.24456530093279777,0.7858623697268666,0.18374132618410843,True,True,False
smoothed,1.6,True,local_predictor,0.14480279446526143,1.9033697408152477,0.07699929682074813,0.3219958950671793,0.21527231448363626,-0.7608687005010314,0.49576082665128557,0.17129630298529855,False,False,False
smoothed,1.6,True,pixel_curvature_predictor,0.18485139776756643,1.769761939944225,0.2664709046552185,0.26647086696490097,0.21527231448363626,1.4144254478148884e-07,0.23783156976814368,0.17129630298529855,False,False,False
smoothed,1.6,True,predict_then_certify,0.18485139776756643,1.769761939944225,0.5556111311829873,0.26647086696490097,0.21527231448363626,1.085072704237388,0.23783156976814368,0.17129630298529855,True,True,False
smoothed,1.6,True,predict_angular_certify,0.18485139776756643,1.769761939944225,0.5646583681736959,0.26647086696490097,0.21527231448363626,1.1190247722204905,0.23783156976814368,0.17129630298529855,True,True,False
smoothed,1.6,True,block_resolvent,0.14480279446526143,1.9033697408152477,0.5365511838857124,0.3219958950671793,0.21527231448363626,0.6663292672528314,0.49576082665128557,0.17129630298529855,True,True,False
smoothed,1.6,True,block_gershgorin,0.1249590266069346,1.983453930851,0.6031003641061774,0.3420997040088114,0.21527231448363626,0.7629374040342445,0.5891486317197366,0.17129630298529855,True,True,False
smoothed,1.6,True,commutator_rectangle,0.1249590266069346,1.927300824118,0.5537096542753115,0.32761805761132795,0.21527231448363626,0.6901072496199491,0.5218773412511043,0.17129630298529855,True,True,False
smoothed,1.6,True,comparison_rectangle,0.10503213863931624,2.0,0.47293449052130576,0.37283205204780845,0.21527231448363626,0.2684920406485361,0.7319089681462451,0.17129630298529855,True,True,False
