n,contrast,frequency,trial,rho,alpha,delta_h,local_envelope,certified_envelope,actual_radius,exact_fixed_alpha_rho,exact_fixed_alpha_radius,relative_radius_gap,selection_seconds,certificate_valid
4,1.0,0,0,100.0,1e-06,0.20424033328656116,0.9999999990303916,1.000000001072795,0.9999999985008515,0.158412223070832,0.9999995566872696,4.4181377780340233e-07,0.005607547238469124,True
4,1.0,0,1,100.0,1e-06,0.2043037442374377,0.9999999990307987,1.0000000010738361,0.999999998500566,0.1587809463704462,0.9999995567904907,4.4171027106422535e-07,0.021541420370340347,True
4,1.0,0,2,100.0,1e-06,0.2039671767016445,0.9999999990307312,1.000000001070403,0.9999999985018105,0.15829116510256633,0.999999557475985,4.4102602069068114e-07,0.004723444581031799,True
4,1.0,0,3,100.0,1e-06,0.20384052879335227,0.9999999990304678,1.000000001068873,0.9999999985014182,0.15816072076238233,0.9999995572915845,4.412100289955253e-07,0.0055922772735357285,True
4,1.0,0,4,100.0,1e-06,0.204052791097843,0.9999999990306286,1.0000000010711565,0.9999999985013259,0.1579816682349296,0.9999995572851259,4.412163953530835e-07,0.005495315417647362,True
4,1.0,0,5,100.0,1e-06,0.20405842115368472,0.9999999990304794,1.0000000010710637,0.9999999985016337,0.15844895983249815,0.9999995578707255,4.406311030209185e-07,0.005607839673757553,True
4,1.0,0,6,100.0,1e-06,0.20392128248854263,0.9999999990308847,1.0000000010700976,0.999999998501461,0.1585661117536815,0.9999995578378704,4.4066378546217844e-07,0.005203660577535629,True
4,1.0,0,7,100.0,1e-06,0.20410419904543378,0.9999999990309612,1.0000000010720032,0.9999999985013873,0.15839118119789342,0.9999995577109189,4.407906634158045e-07,0.0037774555385112762,True
4,1.0,0,8,100.0,1e-06,0.20390704076812946,0.9999999990305891,1.0000000010696595,0.9999999985011179,0.15887660960592032,0.9999995566704467,4.418308670373399e-07,0.003618188202381134,True
4,1.0,0,9,100.0,1e-06,0.20417210998081747,0.9999999990305736,1.0000000010722947,0.9999999985012172,0.15823635595588922,0.9999995570084869,4.4149292595181266e-07,0.003604276105761528,True
4,1.0,0,10,100.0,1e-06,0.20395532517748818,0.9999999990307006,1.0000000010702539,0.9999999985012553,0.15833070989064665,0.9999995570125939,4.414888569808117e-07,0.0036267563700675964,True
4,1.0,0,11,100.0,1e-06,0.2039038761943359,0.9999999990303781,1.0000000010694168,0.9999999985009499,0.15790211685425481,0.9999995570028848,4.4149826068930484e-07,0.0035877637565135956,True
4,1.0,1,0,100.0,1e-06,0.20649004572615498,0.999999999001243,1.0000000010661434,0.9999999977878792,0.210000000986899,0.9999995000000019,4.97788126145694e-07,0.0036152228713035583,True
4,1.0,1,1,100.0,1e-06,0.2062397767654979,0.9999999990007871,1.0000000010631849,0.9999999977938727,0.2100000024758542,0.9999995000000057,4.977941159129273e-07,0.0035769175738096237,True
4,1.0,1,2,100.0,1e-06,0.20654163332946265,0.9999999990009271,1.0000000010663435,0.9999999977927259,0.21000000124066615,0.9999995000000027,4.977929720495746e-07,0.003671979531645775,True
4,1.0,1,3,100.0,1e-06,0.20646607638244732,0.99999999900117,1.0000000010658308,0.9999999977938107,0.20999999710152548,0.9999995000000037,4.977940558498326e-07,0.003547072410583496,True
4,1.0,1,4,100.0,1e-06,0.20637121333330305,0.9999999990006598,1.000000001064372,0.999999997788046,0.20999999866546049,0.9999995000000026,4.977882923461636e-07,0.0035474561154842377,True
4,1.0,1,5,100.0,1e-06,0.20649348375125473,0.9999999990009392,1.000000001065874,0.9999999977942797,0.2099999997714414,0.9999995000000007,4.977945279169002e-07,0.003540636971592903,True
4,1.0,1,6,100.0,1e-06,0.20626081988727096,0.9999999990010215,1.0000000010636299,0.999999997799862,0.21000000151132764,0.9999995000000035,4.978001074565211e-07,0.0035778190940618515,True
4,1.0,1,7,100.0,1e-06,0.20641206060246114,0.9999999990012247,1.0000000010653454,0.9999999977915333,0.20999999989388785,0.9999995000000006,4.977917815568311e-07,0.0035231206566095352,True
4,1.0,1,8,100.0,1e-06,0.20653219545397594,0.9999999990010543,1.0000000010663763,0.9999999977965646,0.21000000012918774,0.9999995000000017,4.977968117578256e-07,0.003528788685798645,True
4,1.0,1,9,100.0,1e-06,0.20678707157520176,0.9999999990008187,1.0000000010686894,0.999999997792585,0.20999999945472536,0.9999995000000018,4.977928320503816e-07,0.0035090725868940353,True
4,1.0,1,10,100.0,1e-06,0.2065208766685459,0.9999999990007189,1.0000000010659276,0.9999999977933914,0.2099999984613488,0.999999500000003,4.977936372955434e-07,0.0035357121378183365,True
4,1.0,1,11,100.0,1e-06,0.20647952015094098,0.9999999990007622,1.0000000010655574,0.9999999977895081,0.20999999390016238,0.9999995000000061,4.977897508468786e-07,0.0035329442471265793,True
4,1.0,3,0,100.0,1e-06,0.20648583018715672,0.9999999990011904,1.0000000010660488,0.9999999977980002,0.2099999957696459,0.9999995000000041,4.977982449454435e-07,0.0035268552601337433,True
4,1.0,3,1,100.0,1e-06,0.2063652728259117,0.9999999990009434,1.0000000010645962,0.9999999977917888,0.20999999855655163,0.9999995000000014,4.977920363531422e-07,0.0035258792340755463,True
4,1.0,3,2,100.0,1e-06,0.2064722745299893,0.999999999001558,1.0000000010662808,0.9999999977982117,0.20999999837880728,0.9999995000000033,4.977984573312147e-07,0.003538483753800392,True
4,1.0,3,3,100.0,1e-06,0.2064238264345155,0.9999999990012138,1.0000000010654522,0.999999997795696,0.20999999873724803,0.999999500000002,4.977959428968518e-07,0.0035117752850055695,True
4,1.0,3,4,100.0,1e-06,0.20635958252060613,0.9999999990013614,1.0000000010649572,0.9999999977859223,0.20999999997967952,0.9999995000000014,4.977861698207246e-07,0.003539418801665306,True
4,1.0,3,5,100.0,1e-06,0.20649542660751194,0.9999999990011559,1.00000000106611,0.999999997790887,0.20999999859221005,0.9999995000000023,4.97791133630349e-07,0.0035184845328330994,True
4,1.0,3,6,100.0,1e-06,0.20650653033545607,0.9999999990010363,1.0000000010661017,0.9999999977920877,0.2099999997464767,0.9999995000000008,4.977923357804419e-07,0.003524335101246834,True
4,1.0,3,7,100.0,1e-06,0.20652942850654588,0.9999999990007433,1.0000000010660377,0.9999999977981023,0.2099999996391586,0.999999500000001,4.977983501946403e-07,0.0035444889217615128,True
4,1.0,3,8,100.0,1e-06,0.20651979617296387,0.9999999990006486,1.0000000010658465,0.9999999977993457,0.20999999941500824,0.9999995000000022,4.977995924238031e-07,0.0035463757812976837,True
4,1.0,3,9,100.0,1e-06,0.206515025581938,0.9999999990013766,1.0000000010665269,0.9999999977954744,0.20999999639692501,0.9999995000000035,4.97795719852934e-07,0.0035234373062849045,True
4,1.0,3,10,100.0,1e-06,0.20648188386379876,0.9999999990013066,1.0000000010661254,0.9999999977951255,0.20999999698260854,0.9999995000000036,4.977953707986404e-07,0.0035384278744459152,True
4,1.0,3,11,100.0,1e-06,0.20652773133195504,0.9999999990010362,1.0000000010663135,0.9999999977903261,0.209999996196443,0.9999995000000041,4.977905708580156e-07,0.003528755158185959,True
4,4.0,0,0,100.0,1e-06,2.5857318577183883,0.9999999993873331,1.0000000252446517,0.9999999984993784,0.3576868126019714,0.9999997146088341,2.8389062531466133e-07,0.0036558471620082855,True
4,4.0,0,1,100.0,1e-06,2.5859390363338353,0.9999999993898031,1.0000000252491934,0.9999999985001558,0.35964631775668304,0.9999997147355403,2.8376469641984266e-07,0.0036661867052316666,True
4,4.0,0,2,100.0,1e-06,2.5862144916674428,0.9999999993916024,1.0000000252537473,0.9999999984993017,0.36252963328937304,0.9999997145670898,2.83932292896698e-07,0.0036636367440223694,True
4,4.0,0,3,100.0,1e-06,2.5848136324796065,0.9999999993904115,1.000000025238548,0.9999999985002893,0.36010931050755834,0.9999997147230991,2.837772711460041e-07,0.0036288145929574966,True
4,4.0,0,4,100.0,1e-06,2.5861832534405482,0.9999999993909229,1.0000000252527554,0.9999999984990978,0.3633120708939958,0.9999997143380125,2.8416116650284817e-07,0.0036492962390184402,True
4,4.0,0,5,100.0,1e-06,2.5859236777405656,0.9999999993899814,1.0000000252492183,0.9999999984980072,0.36221268143638846,0.9999997142007989,2.8429728958250216e-07,0.0036471430212259293,True
4,4.0,0,6,100.0,1e-06,2.585241667988412,0.9999999993869921,1.0000000252394088,0.9999999984994618,0.3629864157976755,0.9999997145479833,2.839515594959474e-07,0.003653706982731819,True
4,4.0,0,7,100.0,1e-06,2.5859815655564042,0.9999999993901776,1.0000000252499932,0.9999999984982639,0.3630392867000608,0.999999714234598,2.8426374717222103e-07,0.0036767590790987015,True
4,4.0,0,8,100.0,1e-06,2.586064963855563,0.9999999993937451,1.0000000252543948,0.999999998497168,0.3611710227746735,0.9999997141350012,2.8436224810281465e-07,0.0036541353911161423,True
4,4.0,0,9,100.0,1e-06,2.5838881226518375,0.9999999993934365,1.0000000252323178,0.9999999985007606,0.36259592805504154,0.9999997148776603,2.836231812062195e-07,0.0036329757422208786,True
4,4.0,0,10,100.0,1e-06,2.587597534128952,0.9999999993910261,1.0000000252670014,0.9999999984975306,0.3569707100928601,0.999999714002092,2.8449552001673434e-07,0.0036544501781463623,True
4,4.0,0,11,100.0,1e-06,2.5847455898738096,0.9999999993913335,1.0000000252387895,0.9999999985007779,0.3590532052017691,0.9999997148246473,2.8367621148323857e-07,0.0036543700844049454,True
4,4.0,1,0,100.0,1e-06,2.5958587802868918,0.9999999990699149,1.0000000250285026,0.9999999963399727,0.6506694336793647,0.9999995570080359,4.3933213145070454e-07,0.0035004224628210068,True
4,4.0,1,1,100.0,1e-06,2.5967640934804175,0.9999999990657595,1.0000000250334005,0.9999999963762626,0.649996304577653,0.9999995566430392,4.3973341834850974e-07,0.003505207598209381,True
4,4.0,1,2,100.0,1e-06,2.597683799334908,0.9999999990743279,1.0000000250511658,0.9999999963363561,0.6486038845232824,0.9999995567104367,4.396261142167753e-07,0.0034983456134796143,True
4,4.0,1,3,100.0,1e-06,2.597045809360414,0.9999999990674724,1.0000000250379304,0.9999999963715833,0.6482546071935953,0.9999995574009056,4.3897087198449237e-07,0.003489512950181961,True
4,4.0,1,4,100.0,1e-06,2.5970234288516534,0.9999999990721503,1.0000000250423846,0.9999999963361885,0.6511155690400814,0.9999995569636485,4.3937273467567296e-07,0.0035053398460149765,True
4,4.0,1,5,100.0,1e-06,2.596942087997297,0.9999999990725791,1.000000025042,0.9999999964055318,0.6496992928444426,0.9999995566210382,4.3978468859121597e-07,0.003499891608953476,True
4,4.0,1,6,100.0,1e-06,2.5974773455798337,0.9999999990658629,1.0000000250406365,0.9999999963735965,0.6520666480798245,0.9999995566837787,4.3969001269891513e-07,0.003514626994729042,True
4,4.0,1,7,100.0,1e-06,2.5968063762465654,0.9999999990711366,1.0000000250392003,0.9999999963594259,0.650756752254526,0.9999995569886128,4.393710078230468e-07,0.0035053808242082596,True
4,4.0,1,8,100.0,1e-06,2.598109788001409,0.9999999990730082,1.0000000250541061,0.9999999963336782,0.649459660530581,0.9999995572861515,4.39047721040519e-07,0.0035117752850055695,True
4,4.0,1,9,100.0,1e-06,2.5977812690625743,0.9999999990741091,1.0000000250519219,0.9999999963447812,0.6477110056429585,0.9999995564999882,4.398449881033089e-07,0.0035163499414920807,True
4,4.0,1,10,100.0,1e-06,2.598123215317476,0.999999999078044,1.0000000250592762,0.9999999963437471,0.6504690653251517,0.9999995569382707,4.394056711327762e-07,0.0035091694444417953,True
4,4.0,1,11,100.0,1e-06,2.5957310730136594,0.9999999990744582,1.0000000250317689,0.9999999963722027,0.6510349388222245,0.9999995568568325,4.395155649780173e-07,0.0035176873207092285,True
4,4.0,3,0,100.0,1e-06,2.596327648974778,0.9999999990715587,1.000000025034835,0.9999999963368658,0.6497361226670794,0.9999995567557092,4.395813514279685e-07,0.003505127504467964,True
4,4.0,3,1,100.0,1e-06,2.5974374262624247,0.9999999990713098,1.000000025045684,0.999999996357205,0.6499970003823053,0.9999995572200162,4.391373832758364e-07,0.003506651148200035,True
4,4.0,3,2,100.0,1e-06,2.5974348986686744,0.999999999069519,1.0000000250438679,0.9999999963424857,0.6517056030391479,0.9999995568340113,4.3950866916774104e-07,0.005034102126955986,True
4,4.0,3,3,100.0,1e-06,2.5988651097988167,0.9999999990695964,1.0000000250582475,0.9999999963901371,0.6497598324880041,0.9999995572617986,4.391285329997068e-07,0.0035466402769088745,True
4,4.0,3,4,100.0,1e-06,2.5970437437854526,0.9999999990748444,1.0000000250452818,0.9999999964193722,0.6472770650760675,0.999999556727019,4.3969254809734803e-07,0.003538306802511215,True
4,4.0,3,5,100.0,1e-06,2.597518194552372,0.9999999990694958,1.0000000250446777,0.9999999963571847,0.6495818828118481,0.9999995568146001,4.395427794615536e-07,0.003505963832139969,True
4,4.0,3,6,100.0,1e-06,2.59779855820342,0.9999999990605276,1.0000000250385133,0.9999999963646734,0.6444521241623631,0.9999995567887516,4.395761165985401e-07,0.0035062264651060104,True
4,4.0,3,7,100.0,1e-06,2.598623401582253,0.999999999072224,1.000000025058458,0.9999999963449503,0.6499459237986186,0.999999557070423,4.392747218762864e-07,0.003502361476421356,True
4,4.0,3,8,100.0,1e-06,2.5974231911400723,0.9999999990693041,1.0000000250435361,0.9999999963516435,0.6492802997806248,0.9999995565886473,4.397631912364807e-07,0.0035259909927845,True
4,4.0,3,9,100.0,1e-06,2.599126948465285,0.9999999990641588,1.0000000250554284,0.9999999963430038,0.6511725551471299,0.9999995569667985,4.3937639996620627e-07,0.0035558566451072693,True
4,4.0,3,10,100.0,1e-06,2.596257194045239,0.9999999990743265,1.0000000250368983,0.9999999963537666,0.649439709222873,0.9999995573154513,4.390385096141642e-07,0.0035182982683181763,True
4,4.0,3,11,100.0,1e-06,2.597223388847763,0.9999999990682465,1.0000000250404804,0.9999999963334479,0.6504058920065836,0.9999995571701606,4.391634817660161e-07,0.003497118130326271,True
4,16.0,0,0,100.0,1e-06,40.76723469607582,1.0000000049469182,1.0000004126192652,0.999999998493718,0.4390440768150442,0.9999997569019112,2.415918655127028e-07,0.0036118309944868088,True
4,16.0,0,1,100.0,1e-06,40.71949747206349,1.000000004939629,1.0000004121346036,0.99999999849723,0.4599864249626249,0.9999997570490131,2.414482755245451e-07,0.003561152145266533,True
4,16.0,0,2,100.0,1e-06,40.723007516672816,1.0000000049790359,1.000000412209111,0.9999999984986534,0.46523039894075,0.9999997572529844,2.412457275587614e-07,0.003567112609744072,True
4,16.0,0,3,100.0,1e-06,40.729291172288804,1.0000000050045734,1.000000412297485,0.9999999984983245,0.4684509351320516,0.9999997573620745,2.4113630858752434e-07,0.0035830289125442505,True
4,16.0,0,4,100.0,1e-06,40.75301205453314,1.0000000048964337,1.0000004124265542,0.9999999984982271,0.465902850622127,0.9999997573665993,2.4113168628277096e-07,0.0035519693046808243,True
4,16.0,0,5,100.0,1e-06,40.730683656601634,1.000000004947266,1.0000004122541024,0.9999999984993663,0.46494767411165766,0.9999997575039687,2.40995455967308e-07,0.0035456176847219467,True
4,16.0,0,6,100.0,1e-06,40.762623656898064,1.0000000048414524,1.000000412467689,0.9999999984957467,0.45390804852883104,0.9999997568165071,2.416792983933448e-07,0.0035690348595380783,True
4,16.0,0,7,100.0,1e-06,40.72497201767198,1.000000004928569,1.0000004121782893,0.9999999984992872,0.4676045727873487,0.9999997574747117,2.4102463397479e-07,0.003555571660399437,True
4,16.0,0,8,100.0,1e-06,40.736234841834374,1.0000000049369864,1.000000412299335,0.9999999984974874,0.44980616847670163,0.9999997570120958,2.414854503612706e-07,0.003558032214641571,True
4,16.0,0,9,100.0,1e-06,40.73009977837307,1.0000000049640807,1.0000004122650785,0.9999999984973071,0.45332205339495696,0.9999997568973829,2.415999830224371e-07,0.0035484805703163147,True
4,16.0,0,10,100.0,1e-06,40.74785412282272,1.000000004996037,1.000000412474578,0.9999999984935215,0.4473300224263618,0.9999997564181529,2.4207542760458484e-07,0.003551088273525238,True
4,16.0,0,11,100.0,1e-06,40.742722238198084,1.0000000049660271,1.0000004123932495,0.9999999984968347,0.45686745072067236,0.9999997566497902,2.418471033555738e-07,0.003561686724424362,True
4,16.0,1,0,100.0,1e-06,40.874222442734805,1.000000000208144,1.0000004089503685,0.9999999955857802,0.7562524482770866,0.999999588004435,4.075815131515552e-07,0.003597123548388481,True
4,16.0,1,1,100.0,1e-06,40.87959842098253,1.000000000172939,1.0000004089689232,0.9999999956117838,0.760227269506478,0.999999587849637,4.077623147740602e-07,0.0035858172923326492,True
4,16.0,1,2,100.0,1e-06,40.85335521447806,1.0000000003038043,1.0000004088373564,0.9999999955791161,0.7544056547584207,0.9999995880720599,4.075072240740102e-07,0.0035578813403844833,True
4,16.0,1,3,100.0,1e-06,40.85611457370666,1.0000000002460225,1.0000004088071683,0.999999995549654,0.753392223755013,0.9999995880830719,4.0746674998430967e-07,0.003598123788833618,True
4,16.0,1,4,100.0,1e-06,40.873653868080055,1.0000000002117224,1.000000408948261,0.9999999955883422,0.7540963675175845,0.9999995880358703,4.075526397786911e-07,0.003837108612060547,True
4,16.0,1,5,100.0,1e-06,40.85668447193925,1.0000000002013196,1.0000004087681644,0.9999999955814739,0.754230251139354,0.9999995881654449,4.07416196812678e-07,0.00363343209028244,True
4,16.0,1,6,100.0,1e-06,40.878273125655184,1.000000000301079,1.0000004090838102,0.9999999956359104,0.7531653561371332,0.9999995878901708,4.077459075418456e-07,0.0035912208259105682,True
4,16.0,1,7,100.0,1e-06,40.887104395590946,1.0000000002026947,1.0000004090737387,0.999999995610153,0.7553378574743743,0.9999995880213635,4.075889574151471e-07,0.003597486764192581,True
4,16.0,1,8,100.0,1e-06,40.83842240607957,1.0000000002745135,1.0000004086587375,0.999999995585996,0.7568723510348,0.9999995879538769,4.076322870226681e-07,0.003561612218618393,True
4,16.0,1,9,100.0,1e-06,40.872772080210424,1.000000000140338,1.0000004088680587,0.9999999955827215,0.7522876023661934,0.9999995880826817,4.075002075682982e-07,0.0035832952708005905,True
4,16.0,1,10,100.0,1e-06,40.87500526990767,1.00000000013402,1.0000004088840726,0.9999999955451161,0.7549078502681064,0.9999995880670309,4.0747825301634245e-07,0.0036100391298532486,True
4,16.0,1,11,100.0,1e-06,40.868384610302996,1.0000000002231706,1.0000004089070167,0.9999999955561947,0.756204310866848,0.9999995880939798,4.0746238269375416e-07,0.003593865782022476,True
4,16.0,3,0,100.0,1e-06,40.86613310623596,1.0000000001885028,1.0000004088498338,0.9999999955656053,0.7519300472035423,0.9999995880940538,4.074717193401401e-07,0.003609413281083107,True
4,16.0,3,1,100.0,1e-06,40.8683569489779,1.0000000001035658,1.0000004087871353,0.9999999955887745,0.7559798193783956,0.9999995879849886,4.076039538846793e-07,0.0036098528653383255,True
4,16.0,3,2,100.0,1e-06,40.89816147904284,1.0000000002469542,1.000000409228569,0.9999999955472217,0.7542431821102709,0.9999995880157078,4.0753168187619365e-07,0.003579944372177124,True
4,16.0,3,3,100.0,1e-06,40.86835404343314,1.0000000001955616,1.000000408879102,0.999999995591399,0.7561340060910409,0.999999588040968,4.075505988527866e-07,0.0035823825746774673,True
4,16.0,3,4,100.0,1e-06,40.88157294197659,1.0000000001579668,1.0000004089736962,0.9999999955554401,0.7530708218441791,0.9999995881698025,4.073858053312658e-07,0.003586629405617714,True
4,16.0,3,5,100.0,1e-06,40.87093168279368,1.0000000002055187,1.0000004089148355,0.9999999956000403,0.7546541509080408,0.9999995879952814,4.0760492676932117e-07,0.0035872366279363632,True
4,16.0,3,6,100.0,1e-06,40.862294824584595,1.0000000002481746,1.0000004088711227,0.9999999955809256,0.7566622347761135,0.9999995879594339,4.076216596281654e-07,0.003597389906644821,True
4,16.0,3,7,100.0,1e-06,40.86174283282871,1.0000000002504021,1.0000004088678305,0.9999999955513921,0.7530840064686013,0.9999995880693505,4.0748220940779757e-07,0.0035742688924074173,True
4,16.0,3,8,100.0,1e-06,40.86846378920072,1.000000000164869,1.000000408849507,0.9999999955446895,0.7528830683057582,0.9999995880429602,4.07501897233602e-07,0.0035706013441085815,True
4,16.0,3,9,100.0,1e-06,40.8658763767425,1.0000000002018292,1.000000408860593,0.9999999955713327,0.7518922960481411,0.9999995881500334,4.074214670498253e-07,0.003576992079615593,True
4,16.0,3,10,100.0,1e-06,40.87074375937532,1.0000000002965796,1.0000004090040173,0.9999999955423896,0.7580671518028252,0.9999995879187911,4.0762376651583427e-07,0.0035355500876903534,True
4,16.0,3,11,100.0,1e-06,40.86855889992427,1.000000000194812,1.0000004088804009,0.9999999955934021,0.7569287347718913,0.999999587965636,4.0762793405364617e-07,0.003589518368244171,True
6,1.0,0,0,100.0,1e-06,0.20728407957582426,0.9999999990141882,1.0000000010870291,0.9999999985014156,0.15890549864468032,0.9999995571377835,4.4136382754994063e-07,0.003509553149342537,True
6,1.0,0,1,100.0,1e-06,0.20740239435070765,0.9999999990141347,1.0000000010881587,0.9999999985012444,0.1587306912249701,0.999999557307885,4.4119355471464484e-07,0.028419960290193558,True
6,1.0,0,2,100.0,1e-06,0.20744481297635414,0.9999999990140988,1.0000000010885468,0.9999999985009119,0.15905092094221382,0.9999995568456909,4.4165541678326634e-07,0.004445711150765419,True
6,1.0,0,3,100.0,1e-06,0.20735509495803273,0.999999999014138,1.000000001087689,0.9999999985011185,0.1588820199755604,0.9999995568782971,4.41623017115981e-07,0.0043287090957164764,True
6,1.0,0,4,100.0,1e-06,0.2072491031253883,0.9999999990140274,1.0000000010865184,0.9999999985013034,0.15899495038186928,0.9999995571701152,4.4133138358487713e-07,0.004401328042149544,True
6,1.0,0,5,100.0,1e-06,0.20741065320838276,0.9999999990140731,1.0000000010881795,0.9999999985009722,0.1589281786326976,0.9999995570538451,4.414473226126726e-07,0.020351409912109375,True
6,1.0,0,6,100.0,1e-06,0.2073021241502696,0.9999999990142115,1.0000000010872327,0.999999998501093,0.15915389427094015,0.9999995569716599,4.415296287362807e-07,0.004510954022407532,True
6,1.0,0,7,100.0,1e-06,0.20725946396743375,0.9999999990141581,1.0000000010867527,0.9999999985011144,0.159629984098203,0.9999995570054772,4.414958328513745e-07,0.0044106654822826385,True
6,1.0,0,8,100.0,1e-06,0.2073124352085377,0.9999999990142256,1.00000000108735,0.9999999985010171,0.15887652412057932,0.9999995569354317,4.415657809606451e-07,0.004384053871035576,True
6,1.0,0,9,100.0,1e-06,0.20739486192117493,0.9999999990141213,1.0000000010880699,0.9999999985011082,0.15909042224601366,0.9999995570330137,4.414682900811549e-07,0.004376733675599098,True
6,1.0,0,10,100.0,1e-06,0.2074468817733506,0.9999999990141119,1.0000000010885806,0.999999998500665,0.15914619239874658,0.9999995568124451,4.4168841563846824e-07,0.004351198673248291,True
6,1.0,0,11,100.0,1e-06,0.2072709365249135,0.9999999990141268,1.0000000010868362,0.9999999985016488,0.15854290215574204,0.9999995576182015,4.4088364234464965e-07,0.020358145236968994,True
6,1.0,1,0,100.0,1e-06,0.20979711970060833,0.9999999990005193,1.0000000010984904,0.9999999978182397,0.20999999658712437,0.999999500000004,4.978184845433468e-07,0.004405591636896133,True
6,1.0,1,1,100.0,1e-06,0.20988589304581384,0.9999999990006747,1.0000000010995336,0.9999999978151389,0.20999999946562578,0.9999995000000024,4.978153854652472e-07,0.004582038149237633,True
6,1.0,1,2,100.0,1e-06,0.20985400354888267,0.9999999990013284,1.0000000010998684,0.999999997817996,0.20999999887764284,0.9999995000000026,4.978182422925624e-07,0.004344560205936432,True
6,1.0,1,3,100.0,1e-06,0.20986802403033722,0.9999999990009267,1.000000001099607,0.999999997815511,0.209999997061203,0.9999995000000044,4.978157555027653e-07,0.0043700095266103745,True
6,1.0,1,4,100.0,1e-06,0.2098355159593404,0.999999999000947,1.0000000010993022,0.9999999978144788,0.2099999973741007,0.9999995000000036,4.978147241050601e-07,0.025151677429676056,True
6,1.0,1,5,100.0,1e-06,0.20977646284744203,0.9999999990009576,1.0000000010987222,0.9999999978248607,0.20999999674104755,0.9999995000000035,4.978251061388213e-07,0.004724685102701187,True
6,1.0,1,6,100.0,1e-06,0.20981709198411647,0.9999999990006745,1.0000000010988455,0.9999999978155183,0.2100000003113295,0.9999995000000023,4.978157649396667e-07,0.029402151703834534,True
6,1.0,1,7,100.0,1e-06,0.20985252094682377,0.9999999990011549,1.0000000010996801,0.9999999978121721,0.20999999645664613,0.9999995000000043,4.97812416727394e-07,0.005394935607910156,True
6,1.0,1,8,100.0,1e-06,0.2098265097691031,0.9999999990009444,1.0000000010992094,0.9999999978156393,0.20999999836971323,0.9999995000000033,4.978158849548352e-07,0.029422348365187645,True
6,1.0,1,9,100.0,1e-06,0.20985487087976534,0.9999999990009626,1.0000000010995114,0.9999999978202051,0.20999999950145742,0.999999500000002,4.978204519705534e-07,0.013646027073264122,True
6,1.0,1,10,100.0,1e-06,0.20984954255435698,0.9999999990009515,1.000000001099447,0.9999999978204538,0.20999999967296512,0.9999995000000015,4.978207012157474e-07,0.023578491061925888,True
6,1.0,1,11,100.0,1e-06,0.20986395260854462,0.9999999990011103,1.0000000010997498,0.9999999978119065,0.20999999769778288,0.9999995000000035,4.978121519390707e-07,0.0043133459985256195,True
6,1.0,3,0,100.0,1e-06,0.20723769141890278,0.9999999990140854,1.0000000010864623,0.9999999985016025,0.15867014340715596,0.9999995574095968,4.4109220092170406e-07,0.004357069730758667,True
6,1.0,3,1,100.0,1e-06,0.2073829394594249,0.9999999990142596,1.000000001088089,0.9999999985014255,0.158922150757813,0.9999995571829428,4.413186781812959e-07,0.01724211685359478,True
6,1.0,3,2,100.0,1e-06,0.20735147613689417,0.9999999990141613,1.000000001087676,0.9999999985014745,0.15861492809101368,0.9999995574181593,4.410835104213111e-07,0.020308777689933777,True
6,1.0,3,3,100.0,1e-06,0.20740254054423315,0.9999999990141446,1.00000000108817,0.9999999985011131,0.1588739330193642,0.9999995572698055,4.412315029483839e-07,0.004457080736756325,True
6,1.0,3,4,100.0,1e-06,0.2073529306506495,0.9999999990141095,1.0000000010876389,0.9999999985012096,0.15905690405378922,0.9999995571098872,4.413915178690186e-07,0.02041018381714821,True
6,1.0,3,5,100.0,1e-06,0.2073387624038149,0.9999999990141328,1.0000000010875205,0.9999999985012803,0.1586956336633294,0.9999995571316544,4.413698213163433e-07,0.0048261769115924835,True
6,1.0,3,6,100.0,1e-06,0.207441186684434,0.9999999990142372,1.0000000010886492,0.9999999985010045,0.15895631416294917,0.9999995571123128,4.41388887193326e-07,0.004335114732384682,True
6,1.0,3,7,100.0,1e-06,0.20741160220014548,0.9999999990141839,1.0000000010883,0.9999999985006963,0.15905203098176016,0.9999995569059759,4.415949161253074e-07,0.0205113273113966,True
6,1.0,3,8,100.0,1e-06,0.20731598525581027,0.9999999990141794,1.000000001087339,0.9999999985014505,0.15873169667543985,0.9999995573380372,4.411636085314203e-07,0.004349753260612488,True
6,1.0,3,9,100.0,1e-06,0.20734173293509342,0.9999999990140249,1.0000000010874424,0.9999999985010886,0.15916205373181674,0.9999995568571673,4.416441169232456e-07,0.004321487620472908,True
6,1.0,3,10,100.0,1e-06,0.20735359982633783,0.9999999990139403,1.0000000010874763,0.9999999985009623,0.15866585396030367,0.9999995571201088,4.413810490118597e-07,0.0043275728821754456,True
6,1.0,3,11,100.0,1e-06,0.20739329249484936,0.9999999990143016,1.0000000010882346,0.9999999985010516,0.15936280858506363,0.9999995570495592,4.414516879024087e-07,0.0203188918530941,True
6,4.0,0,0,100.0,1e-06,2.5976383211456353,0.9999999991419273,1.0000000251183105,0.9999999984988028,0.36924672546264364,0.999999716670491,2.818283916492038e-07,0.004474494606256485,True
6,4.0,0,1,100.0,1e-06,2.5971712864383085,0.9999999991422293,1.000000025113942,0.9999999985001509,0.36756880401599623,0.999999717149625,2.813506054570909e-07,0.020534992218017578,True
6,4.0,0,2,100.0,1e-06,2.5970314680052904,0.9999999991413748,1.0000000251116896,0.9999999984992716,0.3631103050675739,0.9999997172654187,2.812339323869338e-07,0.004488883540034294,True
6,4.0,0,3,100.0,1e-06,2.596885837632845,0.9999999991418831,1.0000000251107415,0.9999999985002932,0.36682335515078507,0.9999997174303321,2.810700405052147e-07,0.0045038312673568726,True
6,4.0,0,4,100.0,1e-06,2.5978404037483243,0.9999999991417784,1.0000000251201824,0.9999999984979069,0.3690236526629103,0.9999997163531584,2.8214482848305056e-07,0.004498051479458809,True
6,4.0,0,5,100.0,1e-06,2.597148517619513,0.9999999991412036,1.0000000251126888,0.9999999985000333,0.36551553430085304,0.9999997173964676,2.81103645087806e-07,0.004714839160442352,True
6,4.0,0,6,100.0,1e-06,2.5973944783133356,0.9999999991418352,1.0000000251157801,0.9999999984987376,0.3684171331764781,0.9999997168366753,2.816621419856262e-07,0.004624083638191223,True
6,4.0,0,7,100.0,1e-06,2.5972513491596128,0.9999999991406814,1.0000000251131949,0.9999999984983338,0.3641834116176213,0.9999997168315814,2.816668321255566e-07,0.004891965538263321,True
6,4.0,0,8,100.0,1e-06,2.598131159320104,0.9999999991425875,1.0000000251238992,0.9999999984978639,0.3598849901634857,0.9999997164474625,2.820504813439912e-07,0.004590705037117004,True
6,4.0,0,9,100.0,1e-06,2.5977283990888855,0.9999999991407044,1.0000000251179884,0.9999999984999383,0.3674424546933137,0.9999997172843726,2.812156451158385e-07,0.004544975236058235,True
6,4.0,0,10,100.0,1e-06,2.5971878064636362,0.9999999991417783,1.0000000251136563,0.9999999984996629,0.36416460760826647,0.9999997169081926,2.8159155007981224e-07,0.017670707777142525,True
6,4.0,0,11,100.0,1e-06,2.597552683329054,0.9999999991422781,1.000000025117805,0.9999999984987469,0.36850955793332624,0.9999997167773845,2.81721442139491e-07,0.028563721105456352,True
6,4.0,1,0,100.0,1e-06,2.608345313159183,0.9999999990187991,1.0000000251022523,0.9999999966955484,0.5477217306928025,0.9999996217005847,3.7499510560813936e-07,0.02932714857161045,True
6,4.0,1,1,100.0,1e-06,2.608152701571063,0.9999999990231132,1.0000000251046401,0.9999999966901602,0.5469756250676732,0.9999996214484259,3.7524187628904183e-07,0.02932082675397396,True
6,4.0,1,2,100.0,1e-06,2.6081968887457885,0.9999999990158265,1.0000000250977954,0.9999999967304041,0.5452761512559129,0.9999996214473391,3.752832070217224e-07,0.004383968189358711,True
6,4.0,1,3,100.0,1e-06,2.6079248301498255,0.9999999990192178,1.000000025098466,0.9999999967028952,0.54640121105254,0.9999996215815545,3.7512148260953615e-07,0.028708165511488914,True
6,4.0,1,4,100.0,1e-06,2.6076725704144543,0.9999999990165737,1.0000000250932994,0.9999999966908317,0.5478519497730815,0.9999996216664522,3.750245214351945e-07,0.02885902114212513,True
6,4.0,1,5,100.0,1e-06,2.608446958326957,0.9999999990194844,1.000000025103954,0.9999999967114106,0.5462787501666057,0.9999996216357809,3.7507577158135096e-07,0.028868136927485466,True
6,4.0,1,6,100.0,1e-06,2.608736645958344,0.999999999021224,1.0000000251085905,0.9999999967076437,0.5482467405634918,0.9999996215966549,3.751111307694506e-07,0.020288532599806786,True
6,4.0,1,7,100.0,1e-06,2.6081267330171958,0.9999999990178857,1.000000025099153,0.9999999966929147,0.5474518156366796,0.9999996217017636,3.7499129298936606e-07,0.00443139486014843,True
6,4.0,1,8,100.0,1e-06,2.608390202350775,0.9999999990211832,1.0000000251050851,0.9999999967039868,0.5467890756977833,0.9999996215622272,3.751419015133155e-07,0.0043015312403440475,True
6,4.0,1,9,100.0,1e-06,2.608281261206532,0.99999999901967,1.0000000251024825,0.9999999966888977,0.5455585817130773,0.9999996215220055,3.7516703421163645e-07,0.004285253584384918,True
6,4.0,1,10,100.0,1e-06,2.607667593309458,0.9999999990170595,1.0000000250937355,0.9999999966881121,0.5443432886878098,0.999999621542432,3.7514582205279213e-07,0.004587298259139061,True
6,4.0,1,11,100.0,1e-06,2.6082471377623033,0.9999999990171834,1.0000000250996548,0.999999996694762,0.5393353971794517,0.9999996214518033,3.7524310075321186e-07,0.004509797319769859,True
6,4.0,3,0,100.0,1e-06,2.597290841210816,0.9999999991417616,1.0000000251146701,0.9999999984992647,0.36469166536030934,0.9999997171622341,2.813371101337505e-07,0.004529211670160294,True
6,4.0,3,1,100.0,1e-06,2.5975038823586702,0.9999999991420603,1.000000025117099,0.999999998498115,0.366777081123029,0.9999997168061161,2.8169207872248125e-07,0.00452074408531189,True
6,4.0,3,2,100.0,1e-06,2.5973660286117086,0.9999999991404364,1.0000000251140966,0.9999999984956474,0.36776856287469645,0.9999997162681848,2.8222754258831926e-07,0.02054484374821186,True
6,4.0,3,3,100.0,1e-06,2.5971539683456926,0.999999999141219,1.0000000251127585,0.9999999984989661,0.3679280329450304,0.9999997168430598,2.8165598612848023e-07,0.004522243514657021,True
6,4.0,3,4,100.0,1e-06,2.597547229695629,0.9999999991411765,1.0000000251166488,0.9999999984983249,0.36108206868314635,0.9999997166652483,2.8183315639618615e-07,0.004494141787290573,True
6,4.0,3,5,100.0,1e-06,2.597794039529216,0.9999999991418889,1.0000000251198293,0.9999999984988016,0.36299956493156665,0.9999997166496823,2.8184919912782474e-07,0.004509275779128075,True
6,4.0,3,6,100.0,1e-06,2.5968913389684842,0.9999999991414082,1.0000000251103216,0.9999999984994429,0.3687902389680821,0.9999997169485466,2.815509759573287e-07,0.004498517140746117,True
6,4.0,3,7,100.0,1e-06,2.596873756353812,0.9999999991420226,1.0000000251107601,0.9999999985000149,0.36517370891101675,0.9999997172434938,2.812566006001593e-07,0.004519384354352951,True
6,4.0,3,8,100.0,1e-06,2.597241601676719,0.9999999991408843,1.0000000251133003,0.999999998498405,0.36896022869787176,0.9999997167456913,2.8175279352324784e-07,0.004637015983462334,True
6,4.0,3,9,100.0,1e-06,2.597565035069202,0.9999999991414781,1.0000000251171284,0.9999999984972137,0.3590357116582297,0.9999997161621248,2.8233516900107554e-07,0.004515498876571655,True
6,4.0,3,10,100.0,1e-06,2.597183861089504,0.9999999991413282,1.0000000251131669,0.9999999984998723,0.3633991981298965,0.9999997171635557,2.813363961487496e-07,0.004465695470571518,True
6,4.0,3,11,100.0,1e-06,2.5977122327941555,0.999999999141901,1.0000000251190233,0.9999999984985994,0.3686688614390331,0.9999997170321142,2.8146656487619615e-07,0.02051946334540844,True
6,16.0,0,0,100.0,1e-06,40.86571151911089,1.000000001057989,1.0000004097151043,0.9999999984970788,0.4720673353890063,0.9999997607956592,2.377014764068229e-07,0.004362266510725021,True
6,16.0,0,1,100.0,1e-06,40.85395038453718,1.0000000010480536,1.0000004095875574,0.9999999984961874,0.4673618260160261,0.9999997605927327,2.3790351166980206e-07,0.004375306889414787,True
6,16.0,0,2,100.0,1e-06,40.85695991151709,1.0000000010604246,1.0000004096300237,0.9999999984967433,0.4638890837196947,0.9999997612012719,2.3729552804949536e-07,0.004357153549790382,True
6,16.0,0,3,100.0,1e-06,40.8669281461546,1.0000000010521768,1.0000004097214583,0.9999999984972918,0.4705348988333681,0.9999997611409286,2.3735641992547922e-07,0.004626622423529625,True
6,16.0,0,4,100.0,1e-06,40.85364755170807,1.0000000010561814,1.000000409592657,0.9999999984983666,0.4698501413227926,0.9999997612858934,2.3721252984570497e-07,0.004483580589294434,True
6,16.0,0,5,100.0,1e-06,40.85662904107903,1.0000000010565195,1.00000040962281,0.9999999984991415,0.46975635154339,0.9999997613505224,2.3714867567094098e-07,0.004558045417070389,True
6,16.0,0,6,100.0,1e-06,40.85815636050921,1.000000001061159,1.0000004096427226,0.9999999984983453,0.46966627306107617,0.9999997614412316,2.3705717026875427e-07,0.028883419930934906,True
6,16.0,0,7,100.0,1e-06,40.86403862357746,1.0000000010456018,1.000000409685988,0.9999999984981389,0.481613825825767,0.9999997616097739,2.3688842150687726e-07,0.02851713076233864,True
6,16.0,0,8,100.0,1e-06,40.85291734529196,1.0000000010519916,1.000000409581165,0.9999999984980903,0.4676283727119878,0.9999997611942082,2.373039387697477e-07,0.028436515480279922,True
6,16.0,0,9,100.0,1e-06,40.84914255548232,1.0000000010685162,1.0000004095599417,0.9999999984981717,0.46679957446248077,0.9999997611688931,2.3732933524453115e-07,0.00435451976954937,True
6,16.0,0,10,100.0,1e-06,40.85786202088451,1.0000000010578256,1.0000004096364459,0.9999999984963788,0.4691390524398522,0.9999997610017842,2.374946513068262e-07,0.020698323845863342,True
6,16.0,0,11,100.0,1e-06,40.867686103440164,1.0000000010467935,1.0000004097236546,0.9999999984970513,0.4659261594480106,0.9999997613464571,2.3715065087015957e-07,0.028489382937550545,True
6,16.0,1,0,100.0,1e-06,40.9928145771319,0.9999999993240575,1.0000004092522032,0.9999999965105112,0.68177265220556,0.9999996652088197,3.3130180244209803e-07,0.02880341187119484,True
6,16.0,1,1,100.0,1e-06,40.98111411149744,0.9999999993112371,1.0000004091223782,0.9999999965064521,0.6779863520100311,0.9999996647853254,3.3172123787627935e-07,0.0044866204261779785,True
6,16.0,1,2,100.0,1e-06,40.986675422925394,0.9999999993323709,1.0000004091991253,0.9999999965095966,0.6757550200537056,0.9999996650698219,3.3143988574592814e-07,0.00449322909116745,True
6,16.0,1,3,100.0,1e-06,40.9873452549754,0.9999999993630804,1.0000004092365329,0.9999999965072695,0.6842762011930168,0.9999996648359184,3.316714622147498e-07,0.004584871232509613,True
6,16.0,1,4,100.0,1e-06,40.995886910941756,0.9999999993893761,1.0000004093482453,0.9999999965088375,0.6814735421843867,0.9999996650693753,3.3143957321819e-07,0.004502767696976662,True
6,16.0,1,5,100.0,1e-06,40.98269821079233,0.9999999993042684,1.0000004091312504,0.9999999965095202,0.6760687517095663,0.9999996651279188,3.3138171235216984e-07,0.00447416678071022,True
6,16.0,1,6,100.0,1e-06,40.98319255558692,0.9999999993334874,1.0000004091654129,0.9999999965113534,0.6825782623976303,0.9999996652201446,3.312913197090381e-07,0.02054288052022457,True
6,16.0,1,7,100.0,1e-06,40.98892314091308,0.999999999329157,1.0000004092183883,0.9999999965085195,0.6817584659838144,0.9999996650407499,3.314678805936183e-07,0.004468321800231934,True
6,16.0,1,8,100.0,1e-06,40.9753807445667,0.999999999335332,1.0000004090891395,0.9999999965109058,0.674963258557387,0.9999996652099516,3.3130106503134314e-07,0.004457520321011543,True
6,16.0,1,9,100.0,1e-06,40.98490913416657,0.999999999307137,1.0000004091562285,0.9999999965115591,0.6763293657603221,0.9999996652956413,3.312160286631662e-07,0.0044564493000507355,True
6,16.0,1,10,100.0,1e-06,40.98836476396387,0.9999999993393407,1.0000004092229884,0.9999999965104662,0.6787608594919771,0.9999996651747516,3.313358255824332e-07,0.02108958549797535,True
6,16.0,1,11,100.0,1e-06,40.981077456707006,0.9999999993224713,1.000000409133246,0.9999999965097197,0.6777382659670813,0.9999996651883174,3.313215132440467e-07,0.004502825438976288,True
6,16.0,3,0,100.0,1e-06,40.860657771840536,1.0000000010466314,1.0000004096532091,0.9999999984982102,0.4669785806769099,0.99999976136007,2.371381968261582e-07,0.00439365953207016,True
6,16.0,3,1,100.0,1e-06,40.8699825718552,1.0000000010516898,1.0000004097515156,0.9999999984943175,0.4680124376131026,0.9999997600090044,2.384853703986243e-07,0.02045053243637085,True
6,16.0,3,2,100.0,1e-06,40.85962487559615,1.000000001055534,1.000000409651783,0.999999998494556,0.47043980220565784,0.9999997598948451,2.3859976816684133e-07,0.02035311795771122,True
6,16.0,3,3,100.0,1e-06,40.86080876152396,1.0000000010621988,1.0000004096702864,0.9999999984979537,0.4724458059349858,0.9999997610744178,2.3742359266915259e-07,0.004369478672742844,True
6,16.0,3,4,100.0,1e-06,40.86164582056149,1.0000000010566263,1.0000004096730846,0.9999999984975877,0.47138580582399703,0.9999997612303078,2.3726733658669888e-07,0.004384391009807587,True
6,16.0,3,5,100.0,1e-06,40.858160992022306,1.0000000010607322,1.000000409642342,0.9999999984965645,0.46100434009605795,0.9999997602091966,2.3828742508764179e-07,0.028369583189487457,True
6,16.0,3,6,100.0,1e-06,40.8650351258153,1.0000000010520012,1.0000004097023525,0.9999999984947547,0.4667100259111138,0.9999997605400703,2.3795474138175717e-07,0.004373731091618538,True
6,16.0,3,7,100.0,1e-06,40.85717671428571,1.0000000010600227,1.0000004096317898,0.9999999984963062,0.4579936214287617,0.9999997610443709,2.374519919659979e-07,0.0053599197417497635,True
6,16.0,3,8,100.0,1e-06,40.86215441239481,1.0000000010654613,1.0000004096870054,0.9999999984980582,0.471343132776607,0.9999997613864173,2.3711169745532386e-07,0.024502456188201904,True
6,16.0,3,9,100.0,1e-06,40.857456843967206,1.0000000010631467,1.000000409637715,0.999999998495852,0.46442947976638294,0.9999997606667331,2.3782917576361384e-07,0.004359906539320946,True
6,16.0,3,10,100.0,1e-06,40.86245790299771,1.0000000010625159,1.000000409687095,0.9999999984950521,0.45810636936961496,0.9999997599985582,2.38496551126813e-07,0.0047077275812625885,True
6,16.0,3,11,100.0,1e-06,40.85489740401052,1.0000000010725127,1.0000004096214867,0.9999999984982401,0.4733045540357929,0.9999997616555216,2.3684277488754767e-07,0.0048047080636024475,True
8,1.0,0,0,100.0,1e-06,0.20849794178534511,0.9999999990083452,1.0000000010933248,0.9999999985011492,0.15901097763569835,0.9999995572435938,4.412577507532966e-07,0.0335451140999794,True
8,1.0,0,1,100.0,1e-06,0.20849930271647474,0.9999999990084134,1.0000000010934065,0.9999999985011507,0.15905815799620385,0.9999995571548557,4.4134649051402003e-07,0.00478493794798851,True
8,1.0,0,2,100.0,1e-06,0.2085085542542072,0.9999999990083585,1.000000001093444,0.9999999985009416,0.15890121668624,0.9999995572581681,4.4124296878688193e-07,0.00466027669608593,True
8,1.0,0,3,100.0,1e-06,0.20852031066830248,0.9999999990083703,1.0000000010935735,0.9999999985011925,0.15891629181135497,0.999999557266257,4.4123513082733336e-07,0.004781259223818779,True
8,1.0,0,4,100.0,1e-06,0.20854230677670887,0.9999999990083404,1.0000000010937635,0.9999999985008482,0.1593635896731233,0.9999995567743407,4.41726703267585e-07,0.004770662635564804,True
8,1.0,0,5,100.0,1e-06,0.20849130260269322,0.9999999990083778,1.0000000010932908,0.9999999985011203,0.15884820346685047,0.999999557237693,4.412636227280775e-07,0.004578456282615662,True
8,1.0,0,6,100.0,1e-06,0.20854586058371813,0.9999999990083711,1.0000000010938297,0.9999999985012438,0.15883275312045025,0.9999995573646921,4.4113674688373504e-07,0.004464581608772278,True
8,1.0,0,7,100.0,1e-06,0.2084637882033902,0.9999999990083769,1.0000000010930148,0.9999999985010575,0.15898756673169606,0.999999557227582,4.4127367081047247e-07,0.004729045554995537,True
8,1.0,0,8,100.0,1e-06,0.2085257977018898,0.9999999990083179,1.000000001093576,0.9999999985009438,0.1591739875138286,0.999999557000209,4.415009303339538e-07,0.004567675292491913,True
8,1.0,0,9,100.0,1e-06,0.20848587685236253,0.999999999008393,1.0000000010932517,0.9999999985012704,0.15870760675823872,0.9999995574126687,4.410887969750491e-07,0.004553213715553284,True
8,1.0,0,10,100.0,1e-06,0.2085150210848263,0.9999999990083526,1.0000000010935028,0.99999999850113,0.15915366462329977,0.9999995570386857,4.414626398181088e-07,0.0045669060200452805,True
8,1.0,0,11,100.0,1e-06,0.20848843486248864,0.9999999990083749,1.0000000010932593,0.9999999985009564,0.1587632875439498,0.9999995571982071,4.4130294475302155e-07,0.01893152855336666,True
8,1.0,1,0,100.0,1e-06,0.20999882724949911,0.9999999990009887,1.0000000011009769,0.9999999978621233,0.20999999678481052,0.9999995000000064,4.9786236590829e-07,0.0047651734203100204,True
8,1.0,1,1,100.0,1e-06,0.20999983728881047,0.9999999990010335,1.000000001101032,0.9999999978597759,0.20999999701208913,0.999999500000007,4.978600177854185e-07,0.0045508090406656265,True
8,1.0,1,2,100.0,1e-06,0.21000253838505833,0.9999999990010202,1.0000000011010457,0.9999999978625108,0.20999999521016122,0.9999995000000079,4.978627518220056e-07,0.004774231463670731,True
8,1.0,1,3,100.0,1e-06,0.20999795534683074,0.9999999990009852,1.0000000011009649,0.9999999978653742,0.20999999660673604,0.9999995000000054,4.978656177531556e-07,0.004720982164144516,True
8,1.0,1,4,100.0,1e-06,0.2099955709601255,0.9999999990009132,1.000000001100869,0.9999999978639269,0.20999999369763742,0.9999995000000077,4.978641681342263e-07,0.004785697907209396,True
8,1.0,1,5,100.0,1e-06,0.2100001166102571,0.999999999001026,1.000000001101027,0.9999999978653235,0.20999999740650807,0.9999995000000053,4.978655671269603e-07,0.0045502521097660065,True
8,1.0,1,6,100.0,1e-06,0.21000238837853563,0.9999999990011453,1.0000000011011692,0.9999999978670296,0.21000000041349176,0.999999500000004,4.978672745398043e-07,0.0045921653509140015,True
8,1.0,1,7,100.0,1e-06,0.21000665047132064,0.9999999990010922,1.0000000011011587,0.9999999978649241,0.20999999679318043,0.9999995000000037,4.978651693338525e-07,0.004727158695459366,True
8,1.0,1,8,100.0,1e-06,0.21000087150976246,0.9999999990010541,1.0000000011010628,0.9999999978649949,0.2099999979480842,0.9999995000000039,4.978652399440722e-07,0.004553183913230896,True
8,1.0,1,9,100.0,1e-06,0.21000599859130725,0.9999999990010109,1.0000000011010708,0.9999999978664496,0.20999999744727263,0.9999995000000049,4.978666935598045e-07,0.004553044214844704,True
8,1.0,1,10,100.0,1e-06,0.2100038761324273,0.9999999990010703,1.000000001101109,0.9999999978648082,0.20999999643682007,0.9999995000000043,4.978650528713988e-07,0.004771333187818527,True
8,1.0,1,11,100.0,1e-06,0.2099985687102784,0.9999999990010251,1.0000000011010108,0.9999999978596564,0.20999999722822651,0.9999995000000041,4.978599012119441e-07,0.004754563793540001,True
8,1.0,3,0,100.0,1e-06,0.2100097965454887,0.9999999990011529,1.0000000011012509,0.9999999978644184,0.20999999923113327,0.9999995000000064,4.978646609624741e-07,0.004762580618262291,True
8,1.0,3,1,100.0,1e-06,0.2100023703745013,0.9999999990010375,1.0000000011010612,0.9999999978620694,0.20999999955983115,0.999999500000003,4.978623152820964e-07,0.004761198535561562,True
8,1.0,3,2,100.0,1e-06,0.20999296001063572,0.9999999990009577,1.0000000011008874,0.9999999978602395,0.21000000069176433,0.9999995000000069,4.978604815258079e-07,0.004637947306036949,True
8,1.0,3,3,100.0,1e-06,0.2099922958496926,0.9999999990008464,1.0000000011007693,0.9999999978672889,0.2099999950911783,0.9999995000000068,4.978675310014498e-07,0.004572149366140366,True
8,1.0,3,4,100.0,1e-06,0.2100039189483477,0.9999999990010394,1.0000000011010786,0.9999999978690196,0.20999999624379603,0.9999995000000075,4.978692610628538e-07,0.004666544497013092,True
8,1.0,3,5,100.0,1e-06,0.2099999922678291,0.9999999990009302,1.00000000110093,0.9999999978653427,0.21000000041762862,0.9999995000000058,4.978655857787163e-07,0.004581304267048836,True
8,1.0,3,6,100.0,1e-06,0.21000478268776807,0.9999999990011237,1.0000000011011716,0.9999999978702857,0.20999999595229354,0.9999995000000051,4.978705294932948e-07,0.004572948440909386,True
8,1.0,3,7,100.0,1e-06,0.21000670911164682,0.9999999990010984,1.0000000011011654,0.999999997863138,0.20999999526208762,0.999999500000008,4.978633788762834e-07,0.04453373700380325,True
8,1.0,3,8,100.0,1e-06,0.2100017086486315,0.9999999990009384,1.0000000011009555,0.9999999978717168,0.20999999865572785,0.9999995000000044,4.978719613486459e-07,0.004797762259840965,True
8,1.0,3,9,100.0,1e-06,0.20999305181436556,0.9999999990009729,1.0000000011009034,0.9999999978613777,0.21000000094094487,0.9999995000000063,4.978616203931563e-07,0.004563843831419945,True
8,1.0,3,10,100.0,1e-06,0.21000872477401547,0.9999999990010939,1.0000000011011811,0.9999999978603874,0.20999999530474597,0.9999995000000066,4.978606297406559e-07,0.004554713144898415,True
8,1.0,3,11,100.0,1e-06,0.21000595658381255,0.9999999990010029,1.0000000011010624,0.999999997862729,0.2100000005428206,0.9999995000000059,4.978629719793424e-07,0.0038066692650318146,True
8,4.0,0,0,100.0,1e-06,2.6022567337095874,0.9999999990729804,1.0000000250955479,0.9999999984990533,0.36689249248342276,0.9999997188621712,2.7963696071106406e-07,0.004741320386528969,True
8,4.0,0,1,100.0,1e-06,2.602578829231178,0.9999999990725444,1.0000000250983327,0.9999999984990549,0.37020055694156256,0.9999997183573782,2.801417555338966e-07,0.004707347601652145,True
8,4.0,0,2,100.0,1e-06,2.6027279339163996,0.9999999990726423,1.0000000250999217,0.999999998499132,0.37199996365802596,0.9999997184770191,2.800221917744401e-07,0.004771910607814789,True
8,4.0,0,3,100.0,1e-06,2.60245311940148,0.9999999990724974,1.0000000250970285,0.9999999984981894,0.37127551356569577,0.9999997187894534,2.797088147188254e-07,0.004888957366347313,True
8,4.0,0,4,100.0,1e-06,2.6024748566548737,0.9999999990726195,1.000000025097368,0.9999999984993797,0.36988657953191356,0.9999997186851757,2.7981428274535515e-07,0.004662288352847099,True
8,4.0,0,5,100.0,1e-06,2.6028532666880575,0.9999999990727297,1.0000000251012624,0.9999999984981923,0.3691420267858706,0.9999997180599701,2.8043830126670216e-07,0.004750698804855347,True
8,4.0,0,6,100.0,1e-06,2.6025767993421343,0.9999999990727026,1.0000000250984706,0.9999999984988229,0.37226538151963384,0.9999997184757852,2.800231165908255e-07,0.00465337373316288,True
8,4.0,0,7,100.0,1e-06,2.602434835448432,0.9999999990729201,1.0000000250972685,0.9999999984993616,0.3679350887459031,0.9999997187672415,2.797321988040708e-07,0.004724288359284401,True
8,4.0,0,8,100.0,1e-06,2.6024878262080815,0.9999999990728895,1.0000000250977679,0.9999999985000834,0.37180808048785957,0.9999997189777464,2.7952241549541324e-07,0.004513071849942207,True
8,4.0,0,9,100.0,1e-06,2.602520696454153,0.9999999990724033,1.0000000250976102,0.9999999984998442,0.37074821279596837,0.9999997182610844,2.802388388185684e-07,0.004556313157081604,True
8,4.0,0,10,100.0,1e-06,2.602290114773599,0.999999999072894,1.0000000250957952,0.9999999984983501,0.37189828318273305,0.9999997171882216,2.8131020808267675e-07,0.06458164751529694,True
8,4.0,0,11,100.0,1e-06,2.6026785898487192,0.9999999990726539,1.0000000250994399,0.9999999984986438,0.3718089779239902,0.9999997187358545,2.7976286806639837e-07,0.004724368453025818,True
8,4.0,1,0,100.0,1e-06,2.610148695047953,0.9999999990096665,1.0000000251111534,0.999999997332688,0.48777326293743145,0.9999996560206094,3.413121960043591e-07,0.004542917013168335,True
8,4.0,1,1,100.0,1e-06,2.610027161072592,0.9999999990080455,1.0000000251083172,0.9999999973334918,0.48515746611790306,0.9999996561179795,3.4121562962741457e-07,0.005643080919981003,True
8,4.0,1,2,100.0,1e-06,2.6100601033144057,0.9999999990085362,1.0000000251091372,0.9999999973326976,0.4883967752697243,0.9999996562817954,3.410510194116126e-07,0.004714975133538246,True
8,4.0,1,3,100.0,1e-06,2.6099417447553415,0.9999999990081165,1.000000025107534,0.9999999973334907,0.4889649988810692,0.9999996564376175,3.4089599031556144e-07,0.004515515640377998,True
8,4.0,1,4,100.0,1e-06,2.6100948613818495,0.999999999008847,1.0000000251097956,0.9999999973327256,0.4890371236448228,0.999999656205085,3.411277578575745e-07,0.004735289141535759,True
8,4.0,1,5,100.0,1e-06,2.609994474761947,0.9999999990077957,1.0000000251077403,0.9999999973328998,0.48822183987486895,0.9999996560678645,3.4126515271387283e-07,0.004743976518511772,True
8,4.0,1,6,100.0,1e-06,2.610042738184466,0.9999999990084433,1.0000000251088708,0.9999999973322917,0.48918838639783707,0.9999996561545241,3.4117788490570924e-07,0.005443284288048744,True
8,4.0,1,7,100.0,1e-06,2.6099972405265763,0.9999999990083706,1.000000025108343,0.9999999973345244,0.48828493772414516,0.999999656351761,3.4098288053642156e-07,0.004590019583702087,True
8,4.0,1,8,100.0,1e-06,2.610029473189933,0.999999999008403,1.0000000251086978,0.9999999973340515,0.48947007473137494,0.9999996561779232,3.4115624564433527e-07,0.00468682125210762,True
8,4.0,1,9,100.0,1e-06,2.6100300714422713,0.999999999008226,1.0000000251085268,0.9999999973324452,0.4874628020123087,0.9999996561401742,3.4119238831407445e-07,0.004578826949000359,True
8,4.0,1,10,100.0,1e-06,2.6100135450565483,0.9999999990084185,1.000000025108554,0.9999999973327498,0.48895171579211183,0.9999996561486868,3.411841803185043e-07,0.004526078701019287,True
8,4.0,1,11,100.0,1e-06,2.609906433391708,0.9999999990069254,1.0000000251059897,0.9999999973341092,0.48463530280863776,0.9999996563823956,3.4095183068593216e-07,0.0045129600912332535,True
8,4.0,3,0,100.0,1e-06,2.6100312756089847,0.9999999990081339,1.0000000251084467,0.9999999973320656,0.48410986857565197,0.9999996560508195,3.412813634247148e-07,0.004530865699052811,True
8,4.0,3,1,100.0,1e-06,2.609961245170283,0.9999999990074866,1.000000025107099,0.9999999973335421,0.48525854999781415,0.9999996562760571,3.410576021501899e-07,0.00446409173309803,True
8,4.0,3,2,100.0,1e-06,2.6099592898127333,0.9999999990081329,1.0000000251077257,0.9999999973345511,0.4879196222646513,0.9999996564884153,3.408462529557899e-07,0.004329510033130646,True
8,4.0,3,3,100.0,1e-06,2.6100737923194943,0.9999999990084811,1.0000000251092191,0.9999999973323905,0.48925801114124906,0.9999996560579506,3.4127455730871e-07,0.004529008641839027,True
8,4.0,3,4,100.0,1e-06,2.610068794520243,0.9999999990080227,1.0000000251087107,0.9999999973335277,0.48793499547152014,0.9999996564451066,3.408885382714624e-07,0.004500364884734154,True
8,4.0,3,5,100.0,1e-06,2.609966811936205,0.9999999990072572,1.0000000251069254,0.9999999973320967,0.48691216475574045,0.9999996560622577,3.41269956319399e-07,0.00453227199614048,True
8,4.0,3,6,100.0,1e-06,2.610083151712549,0.9999999990090315,1.000000025109863,0.9999999973333642,0.48707754280988974,0.9999996558804413,3.4145304043686137e-07,0.02048114687204361,True
8,4.0,3,7,100.0,1e-06,2.609981810182012,0.99999999900825,1.000000025108068,0.9999999973327669,0.4887395652031527,0.9999996562038667,3.4112901751746695e-07,0.004668651148676872,True
8,4.0,3,8,100.0,1e-06,2.6100598796593264,0.999999999008945,1.0000000251095438,0.9999999973335058,0.4896268588316501,0.9999996560441318,3.4128949137255613e-07,0.0045472439378499985,True
8,4.0,3,9,100.0,1e-06,2.6099324842601606,0.9999999990068735,1.0000000251061985,0.999999997333002,0.48855515509640607,0.9999996561052225,3.412278969342744e-07,0.004562241956591606,True
8,4.0,3,10,100.0,1e-06,2.6100650706715998,0.9999999990088186,1.0000000251094694,0.9999999973322065,0.4872496004081942,0.9999996558636011,3.4146872290334277e-07,0.004647810012102127,True
8,4.0,3,11,100.0,1e-06,2.610067455858739,0.9999999990086301,1.0000000251093046,0.9999999973326513,0.4853335738278997,0.9999996562033987,3.411293699025357e-07,0.004520213231444359,True
8,16.0,0,0,100.0,1e-06,40.92256307492999,1.000000000018581,1.0000004092442116,0.9999999984977188,0.4750149439375951,0.9999997628792963,2.3561847842050702e-07,0.0048304107040166855,True
8,16.0,0,1,100.0,1e-06,40.91639542901848,1.0000000000260976,1.0000004091900518,0.999999998497748,0.47543042597850593,0.9999997629560788,2.3554172500279337e-07,0.00448528490960598,True
8,16.0,0,2,100.0,1e-06,40.918406977666876,1.0000000000235303,1.0000004092076,0.9999999984962907,0.4767453592320581,0.9999997607987205,2.3769762703990347e-07,0.004820484668016434,True
8,16.0,0,3,100.0,1e-06,40.9187728063525,1.0000000000194276,1.0000004092071557,0.9999999984972949,0.4743382038561143,0.9999997630676565,2.354296942319327e-07,0.00469847209751606,True
8,16.0,0,4,100.0,1e-06,40.91875146595705,1.0000000000251157,1.0000004092126304,0.9999999984964728,0.47412248839392135,0.9999997627213274,2.3577520135182879e-07,0.00486566498875618,True
8,16.0,0,5,100.0,1e-06,40.92024705427486,1.0000000000252538,1.0000004092277244,0.9999999984967202,0.4753676134690798,0.9999997625879111,2.359088650507336e-07,0.004638656973838806,True
8,16.0,0,6,100.0,1e-06,40.91696899419285,1.0000000000170015,1.0000004091866914,0.9999999984959477,0.47380520094049133,0.9999997625469563,2.3594904737186687e-07,0.004726963117718697,True
8,16.0,0,7,100.0,1e-06,40.9148375571364,1.0000000000190619,1.0000004091674375,0.999999998495988,0.4693807500082011,0.9999997626982382,2.3579780572546266e-07,0.004586413502693176,True
8,16.0,0,8,100.0,1e-06,40.91873747249553,1.0000000000258547,1.0000004092132293,0.9999999984967385,0.47578032853855606,0.99999976267574,2.3582105447255464e-07,0.00465334951877594,True
8,16.0,0,9,100.0,1e-06,40.91964943465766,1.000000000017081,1.0000004092135752,0.9999999984992595,0.47563710417870153,0.9999997632403268,2.352589883680221e-07,0.004646027460694313,True
8,16.0,0,10,100.0,1e-06,40.91970052503201,1.0000000000227478,1.000000409219753,0.9999999984967053,0.4711299757212866,0.9999997622596447,2.362371167432761e-07,0.0046694315969944,True
8,16.0,0,11,100.0,1e-06,40.921572404308264,1.0000000000274543,1.0000004092431782,0.9999999984971,0.47365825450839766,0.9999997624728626,2.3602429343885e-07,0.004650924354791641,True
8,16.0,1,0,100.0,1e-06,41.00941183733405,0.9999999991234318,1.0000004092175503,0.999999997331388,0.6120519137858288,0.9999997012522901,2.9607918635861157e-07,0.004776356741786003,True
8,16.0,1,1,100.0,1e-06,41.00924108596505,0.9999999991184032,1.0000004092108141,0.9999999973317703,0.6083951188115511,0.9999997011850548,2.96146803976927e-07,0.004740748554468155,True
8,16.0,1,2,100.0,1e-06,41.01180934853313,0.999999999139044,1.0000004092571375,0.9999999973310646,0.608679522107877,0.9999997010737356,2.9625741756130394e-07,0.004821011796593666,True
8,16.0,1,3,100.0,1e-06,41.007098242670786,0.9999999991025234,1.0000004091735057,0.9999999973312372,0.6228036637753033,0.9999997014074502,2.9592387539102555e-07,0.004783479496836662,True
8,16.0,1,4,100.0,1e-06,41.01043892476641,0.9999999991251851,1.0000004092295744,0.9999999973326145,0.6121904003347398,0.999999701516805,2.958158978106179e-07,0.004802217707037926,True
8,16.0,1,5,100.0,1e-06,41.01013040815058,0.9999999991172409,1.000000409218545,0.9999999973303749,0.611036321349631,0.999999701168779,2.961616844164151e-07,0.0047276560217142105,True
8,16.0,1,6,100.0,1e-06,41.00875737024333,0.999999999113087,1.0000004092006607,0.9999999973304383,0.6122343677280009,0.999999700965402,2.963651249131401e-07,0.02885013073682785,True
8,16.0,1,7,100.0,1e-06,41.011071039269176,0.999999999119669,1.0000004092303794,0.9999999973284535,0.6062726525267986,0.9999997008337871,2.964947550753716e-07,0.004615692421793938,True
8,16.0,1,8,100.0,1e-06,41.01058739546065,0.9999999991248703,1.0000004092307442,0.9999999973324357,0.61158987423748,0.9999997014270736,2.959054504514675e-07,0.004780717194080353,True
8,16.0,1,9,100.0,1e-06,41.009461388140004,0.9999999991137527,1.0000004092083665,0.99999999733171,0.6113265096635422,0.9999997014438937,2.9588790458759306e-07,0.004794275388121605,True
8,16.0,1,10,100.0,1e-06,41.010780424771305,0.9999999991249704,1.0000004092327746,0.9999999973328145,0.6110961931569621,0.9999997014082158,2.9592468707509463e-07,0.004729477688670158,True
8,16.0,1,11,100.0,1e-06,41.01022180304925,0.9999999991327612,1.0000004092349792,0.9999999973301593,0.6144494335757025,0.9999997012038477,2.961264000644737e-07,0.004845917224884033,True
8,16.0,3,0,100.0,1e-06,41.01018960247444,0.999999999130416,1.000000409232312,0.9999999973328851,0.6133986417952743,0.999999701556382,2.957765914512158e-07,0.004508716985583305,True
8,16.0,3,1,100.0,1e-06,41.00975475916735,0.999999999121774,1.0000004092193215,0.9999999973317615,0.61363796853521,0.9999997015362065,2.95795643223039e-07,0.0047286562621593475,True
8,16.0,3,2,100.0,1e-06,41.01064057535507,0.99999999912398,1.0000004092303858,0.9999999973328011,0.6133475556334407,0.9999997015926332,2.957402561615232e-07,0.004816548898816109,True
8,16.0,3,3,100.0,1e-06,41.00976976787282,0.9999999991197359,1.0000004092174335,0.9999999973308763,0.6097868207028205,0.9999997010947187,2.9623624615079124e-07,0.03684310428798199,True
8,16.0,3,4,100.0,1e-06,41.010036969521295,0.9999999991096503,1.00000040921002,0.9999999973313538,0.6064207511413982,0.9999997011799339,2.9615150843889386e-07,0.004716036841273308,True
8,16.0,3,5,100.0,1e-06,41.01026132236645,0.9999999991216401,1.0000004092242534,0.9999999973307432,0.6047239009111915,0.9999997012909725,2.9603985912725443e-07,0.004739835858345032,True
8,16.0,3,6,100.0,1e-06,41.0100210521001,0.9999999991185595,1.00000040921877,0.9999999973298193,0.6120547651049282,0.9999997010795652,2.9625034266123764e-07,0.0049285683780908585,True
8,16.0,3,7,100.0,1e-06,41.008926032498465,0.9999999991016109,1.0000004091908712,0.9999999973308806,0.6128025944801867,0.9999997012210255,2.9610994355164294e-07,0.004643891006708145,True
8,16.0,3,8,100.0,1e-06,41.00821992056171,0.9999999991131979,1.0000004091953971,0.9999999973315128,0.6055087446452527,0.9999997012731756,2.960584256197547e-07,0.004779983311891556,True
8,16.0,3,9,100.0,1e-06,41.009281022747096,0.9999999991173033,1.0000004092101136,0.9999999973321048,0.610958495420166,0.9999997014247324,2.9590746073359126e-07,0.004849907010793686,True
8,16.0,3,10,100.0,1e-06,41.011405109046656,0.9999999991342209,1.000000409248272,0.9999999973319964,0.6169849062763231,0.9999997015395401,2.9579254458866635e-07,0.004755964502692223,True
8,16.0,3,11,100.0,1e-06,41.010348403701826,0.9999999991351481,1.000000409238632,0.9999999973320474,0.6167131793436726,0.9999997014682898,2.958638459292264e-07,0.00626194104552269,True
