pair_index,fixed,moving,method,initialization_seconds,solver_seconds,total_seconds,tuning_seconds,inner_iterations,failed_subproblems,accepted_steps,subproblems,min_jacobian,nonpositive_jacobian_fraction,initial_tre,median_tre,mean_tre,p95_tre,median_rtre,landmark_improvement
0,29-041-Izd2-w35-CD31-3-les3,29-041-Izd2-w35-Cc10-5-les3,fixed_1_1,0.4189796354621649,3.2046664003282785,3.6236460357904434,4.775822162628174e-06,523,0,1,4,0.9387033900199202,0.0,30.725935459292167,2.3505783391532917,2.9045280543264913,6.648831083345884,0.006492616731740253,0.9234985589855352
0,29-041-Izd2-w35-CD31-3-les3,29-041-Izd2-w35-Cc10-5-les3,fixed_1_18,0.4189796354621649,1.9519915878772736,2.3709712233394384,4.602596163749695e-06,310,0,1,4,0.938703436138357,0.0,30.725935459292167,2.3505745601385724,2.9045262706824584,6.648834023367567,0.0064926062935881665,0.923498681976574
0,29-041-Izd2-w35-CD31-3-les3,29-041-Izd2-w35-Cc10-5-les3,manual_external,0.4189796354621649,0.6201603151857853,1.0391399506479502,5.323439836502075e-06,80,0,1,4,0.9387034865478068,0.0,30.725935459292167,2.3505733002075275,2.904525359604257,6.64883510333145,0.006492602813487442,0.9234987229820316
0,29-041-Izd2-w35-CD31-3-les3,29-041-Izd2-w35-Cc10-5-les3,residual_balance,0.4189796354621649,1.9585611429065466,2.3775407783687115,4.492700099945068e-06,308,0,1,4,0.938703393512112,0.0,30.725935459292167,2.350578477920187,2.9045280535678892,6.6488309517641895,0.006492617115033271,0.9234985544692562
0,29-041-Izd2-w35-CD31-3-les3,29-041-Izd2-w35-Cc10-5-les3,adaptive_bb_proxy,0.4189796354621649,0.864275835454464,1.2832554709166288,4.295259714126587e-06,116,0,1,4,0.9387036730600593,0.0,30.725935459292167,2.3505712290377705,2.9045243998409367,6.6488364790538235,0.006492597092635175,0.9234987903898981
0,29-041-Izd2-w35-CD31-3-les3,29-041-Izd2-w35-Cc10-5-les3,predict_per_level,0.4189796354621649,0.47926664538681507,0.89824628084898,0.05939774587750435,46,0,1,4,0.9387034880560412,0.0,30.725935459292167,2.3505714779093068,2.9045245473628514,6.648836390347814,0.0064925977800521706,0.9234987822901761
0,29-041-Izd2-w35-CD31-3-les3,29-041-Izd2-w35-Cc10-5-les3,predict_pair_full,0.4189796354621649,0.4989419113844633,0.9179215468466282,0.022520899772644043,56,0,1,4,0.9387034881113141,0.0,30.725935459292167,2.3505717814176323,2.9045247630884967,6.6488361305678,0.006492598618383401,0.9234987724122563
1,29-041-Izd2-w35-CD31-3-les3,29-041-Izd2-w35-He-les3,fixed_1_1,0.3976176753640175,3.308056339621544,3.7056740149855614,8.268281817436218e-06,933,0,4,7,0.4597160260642033,0.0,26.546367999946977,2.615643708320029,3.150997707703949,6.893017251045891,0.007224763294222735,0.9014688672919303
1,29-041-Izd2-w35-CD31-3-les3,29-041-Izd2-w35-He-les3,fixed_1_18,0.3976176753640175,2.111879840493202,2.5094975158572197,8.273869752883911e-06,551,0,4,7,0.45970627379876117,0.0,26.546367999946977,2.615504761432844,3.1509355393895078,6.892966945977332,0.00722437950404245,0.901474101412364
1,29-041-Izd2-w35-CD31-3-les3,29-041-Izd2-w35-He-les3,manual_external,0.3976176753640175,0.6449435632675886,1.042561238631606,7.692724466323853e-06,145,0,4,7,0.4597006210463353,0.0,26.546367999946977,2.6154311744767993,3.1508943437251196,6.892945192531508,0.0072241762468720355,0.901476873428334
1,29-041-Izd2-w35-CD31-3-les3,29-041-Izd2-w35-He-les3,residual_balance,0.3976176753640175,2.0228713881224394,2.420489063486457,7.830560207366943e-06,541,0,4,7,0.45971553202257437,0.0,26.546367999946977,2.615637680587845,3.1509928840433856,6.8930162378802,0.007224746644807492,0.9014690943562197
1,29-041-Izd2-w35-CD31-3-les3,29-041-Izd2-w35-He-les3,adaptive_bb_proxy,0.3976176753640175,0.9027486331760883,1.3003663085401058,6.966292858123779e-06,208,0,4,7,0.4596970878636921,0.0,26.546367999946977,2.6153741474446086,3.150870549098587,6.892921741157446,0.007224018730461203,0.9014790216330222
1,29-041-Izd2-w35-CD31-3-les3,29-041-Izd2-w35-He-les3,predict_per_level,0.3976176753640175,0.5204355493187904,0.9180532246828079,0.06066913157701492,87,0,4,7,0.4596979775083258,0.0,26.546367999946977,2.615390836399981,3.15087862650183,6.892929899455985,0.00722406482762337,0.9014783929611311
1,29-041-Izd2-w35-CD31-3-les3,29-041-Izd2-w35-He-les3,predict_pair_full,0.3976176753640175,0.5088563822209835,0.906474057585001,0.022250156849622726,98,0,4,7,0.45969825418881016,0.0,26.546367999946977,2.6153944911060956,3.1508805005294107,6.8929304559518,0.007224074922418201,0.9014782552885834
2,29-041-Izd2-w35-CD31-3-les3,29-041-Izd2-w35-Ki67-7-les3,fixed_1_1,0.42079034075140953,4.656169423833489,5.076959764584899,1.214444637298584e-05,1379,0,8,11,0.018585137657831152,0.0,17.73861420564515,6.897627101342239,7.956643938517402,19.90012040270365,0.0190521831931844,0.6111518621817067
2,29-041-Izd2-w35-CD31-3-les3,29-041-Izd2-w35-Ki67-7-les3,fixed_1_18,0.42079034075140953,2.8527121990919113,3.273502539843321,1.3893470168113708e-05,817,0,8,11,0.01858253691872455,0.0,17.73861420564515,6.897207259175961,7.956464540210919,19.900005291975724,0.0190510235320797,0.6111755304435795
2,29-041-Izd2-w35-CD31-3-les3,29-041-Izd2-w35-Ki67-7-les3,manual_external,0.42079034075140953,0.9304753746837378,1.3512657154351473,1.26715749502182e-05,226,0,8,11,0.018581515944801064,0.0,17.73861420564515,6.896793909803954,7.956302654964716,19.899879187381107,0.019049881804954913,0.6111988326794371
2,29-041-Izd2-w35-CD31-3-les3,29-041-Izd2-w35-Ki67-7-les3,residual_balance,0.42079034075140953,2.883493712171912,3.3042840529233217,1.381710171699524e-05,817,0,8,11,0.018585396279141825,0.0,17.73861420564515,6.897617153141921,7.956642875488197,19.90011512449878,0.01905215571490352,0.6111524230034374
2,29-041-Izd2-w35-CD31-3-les3,29-041-Izd2-w35-Ki67-7-les3,adaptive_bb_proxy,0.42079034075140953,1.3245426937937737,1.7453330345451832,1.3671815395355225e-05,330,0,8,11,0.018582045276506753,0.0,17.73861420564515,6.896707546598817,7.9562653492433615,19.899857354929154,0.019049643258048674,0.6112037013351357
2,29-041-Izd2-w35-CD31-3-les3,29-041-Izd2-w35-Ki67-7-les3,predict_per_level,0.42079034075140953,0.7518220152705908,1.1726123560220003,0.06304574012756348,150,0,8,11,0.018580912973024555,0.0,17.73861420564515,6.896742228703406,7.956278655444143,19.89987118179223,0.0190497390547336,0.6112017461595967
2,29-041-Izd2-w35-CD31-3-les3,29-041-Izd2-w35-Ki67-7-les3,predict_pair_full,0.42079034075140953,0.7256660033017397,1.1464563440531492,0.023002417758107185,154,0,8,11,0.018580950324847023,0.0,17.73861420564515,6.896753377975541,7.956282949871034,19.89987448032807,0.01904976985053802,0.6112011176284158
3,29-041-Izd2-w35-CD31-3-les3,29-041-Izd2-w35-proSPC-4-les3,fixed_1_1,0.42397772520780563,3.7630106080323458,4.186988333240151,1.0877847671508789e-05,1239,0,8,10,0.006511341452084374,0.0,26.68035411229203,22.407214125807123,22.42693241563465,41.429110139186236,0.06189176974944224,0.16016054241634703
3,29-041-Izd2-w35-CD31-3-les3,29-041-Izd2-w35-proSPC-4-les3,fixed_1_18,0.42397772520780563,2.2371803633868694,2.661158088594675,9.795650839805603e-06,734,0,8,10,0.006523414238380487,0.0,26.68035411229203,22.40722868582799,22.426849789477423,41.42918270075796,0.06189180996619806,0.1601599966956715
3,29-041-Izd2-w35-CD31-3-les3,29-041-Izd2-w35-proSPC-4-les3,manual_external,0.42397772520780563,0.7091700229793787,1.1331477481871843,9.657815098762512e-06,195,0,8,10,0.006532826103784972,0.0,26.68035411229203,22.40722046984674,22.426780394293683,41.429225628861296,0.06189178727254159,0.16016030463690856
3,29-041-Izd2-w35-CD31-3-les3,29-041-Izd2-w35-proSPC-4-les3,residual_balance,0.42397772520780563,2.266335379332304,2.6903131045401096,1.0136514902114868e-05,736,0,8,10,0.00651187477546078,0.0,26.68035411229203,22.407211638644736,22.42692538035785,41.42911129407043,0.06189176287956181,0.16016063563708827
3,29-041-Izd2-w35-CD31-3-les3,29-041-Izd2-w35-proSPC-4-les3,adaptive_bb_proxy,0.42397772520780563,1.0020714197307825,1.4260491449385881,9.952113032341003e-06,285,0,8,10,0.0065392933426696165,0.0,26.68035411229203,22.407224664323806,22.426752834401473,41.42924821273135,0.06189179885825712,0.1601601474247124
3,29-041-Izd2-w35-CD31-3-les3,29-041-Izd2-w35-proSPC-4-les3,predict_per_level,0.42397772520780563,0.5855252929031849,1.0095030181109905,0.0588355902582407,137,0,8,10,0.006534615366310392,0.0,26.68035411229203,22.407225033344304,22.426756152770537,41.42924469505332,0.06189179987754187,0.16016013359354297
3,29-041-Izd2-w35-CD31-3-les3,29-041-Izd2-w35-proSPC-4-les3,predict_pair_full,0.42397772520780563,0.5709335673600435,0.9949112925678492,0.02229190804064274,140,0,8,10,0.006534099947626271,0.0,26.68035411229203,22.40722624174369,22.42676028263979,41.42924308396102,0.06189180321530516,0.16016008830181327
4,29-041-Izd2-w35-Cc10-5-les3,29-041-Izd2-w35-He-les3,fixed_1_1,0.3969398122280836,3.6015436612069607,3.9984834734350443,1.0309740900993347e-05,1261,0,8,10,-0.025266302928064865,3.0517578125e-05,6.26738771172554,5.529732742268893,5.791574058542315,11.96636452806813,0.015273873125811004,0.11769735707854523
4,29-041-Izd2-w35-Cc10-5-les3,29-041-Izd2-w35-He-les3,fixed_1_18,0.3969398122280836,2.1803811714053154,2.577320983633399,1.0455027222633362e-05,746,0,8,10,-0.02527387793842706,3.0517578125e-05,6.26738771172554,5.529302449023555,5.791358809385732,11.966229450869339,0.015272684597406015,0.11776601299471479
4,29-041-Izd2-w35-Cc10-5-les3,29-041-Izd2-w35-He-les3,manual_external,0.3969398122280836,0.7006508801132441,1.0975906923413277,9.695068001747131e-06,201,0,8,10,-0.02527935180053109,3.0517578125e-05,6.26738771172554,5.5290409807117555,5.791199885913456,11.966124204641696,0.015271962386404693,0.11780773186130244
4,29-041-Izd2-w35-Cc10-5-les3,29-041-Izd2-w35-He-les3,residual_balance,0.3969398122280836,2.1977495215833187,2.5946893338114023,1.0203570127487183e-05,748,0,8,10,-0.025267078835984613,3.0517578125e-05,6.26738771172554,5.529718133642927,5.791558806668048,11.966354736780382,0.0152738327748013,0.11769968797406949
4,29-041-Izd2-w35-Cc10-5-les3,29-041-Izd2-w35-He-les3,adaptive_bb_proxy,0.3969398122280836,0.9865474253892899,1.3834872376173735,9.948387742042542e-06,295,0,8,10,-0.025281793063975877,3.0517578125e-05,6.26738771172554,5.528889713088143,5.791113675101392,11.966077124297652,0.015271544564676448,0.11783186753481922
4,29-041-Izd2-w35-Cc10-5-les3,29-041-Izd2-w35-He-les3,predict_per_level,0.3969398122280836,0.5572609845548868,0.9542007967829704,0.05870506539940834,125,0,8,10,-0.02528255429970311,3.0517578125e-05,6.26738771172554,5.52890406593782,5.791125205050843,11.966082957373738,0.015271584209197293,0.11782957744996436
4,29-041-Izd2-w35-Cc10-5-les3,29-041-Izd2-w35-He-les3,predict_pair_full,0.3969398122280836,0.5527842175215483,0.9497240297496319,0.021814046427607536,140,0,8,10,-0.02528221000914005,3.0517578125e-05,6.26738771172554,5.528923345580481,5.7911397619765435,11.966092462917784,0.015271637462189732,0.1178265012651889
5,29-041-Izd2-w35-Cc10-5-les3,29-041-Izd2-w35-Ki67-7-les3,fixed_1_1,0.4068041518330574,3.674186347052455,4.080990498885512,1.0039657354354858e-05,1295,0,8,10,0.024063178531669394,0.0,14.736972837785341,2.57291323906657,3.889253820349098,11.938968316594236,0.0071067359326117815,0.8254110075802226
5,29-041-Izd2-w35-Cc10-5-les3,29-041-Izd2-w35-Ki67-7-les3,fixed_1_18,0.4068041518330574,2.246734607964754,2.6535387597978115,1.0382384061813354e-05,765,0,8,10,0.02415934247187379,0.0,14.736972837785341,2.5728316684709815,3.889079551960198,11.93875563726234,0.007106510623544259,0.8254165426786778
5,29-041-Izd2-w35-Cc10-5-les3,29-041-Izd2-w35-Ki67-7-les3,manual_external,0.4068041518330574,0.6859270390123129,1.0927311908453703,9.832903742790222e-06,201,0,8,10,0.024214832934690733,0.0,14.736972837785341,2.57278175505055,3.888964569886221,11.938609740054819,0.00710637275589559,0.8254199296307324
5,29-041-Izd2-w35-Cc10-5-les3,29-041-Izd2-w35-Ki67-7-les3,residual_balance,0.4068041518330574,2.224469292908907,2.6312734447419643,1.0067597031593323e-05,750,0,8,10,0.02406335841996765,0.0,14.736972837785341,2.572913284557873,3.8892465695274354,11.938954538905982,0.007106736058264942,0.8254110044933402
5,29-041-Izd2-w35-Cc10-5-les3,29-041-Izd2-w35-Ki67-7-les3,adaptive_bb_proxy,0.4068041518330574,0.9967289883643389,1.4035331401973963,9.182840585708618e-06,291,0,8,10,0.02427741668830785,0.0,14.736972837785341,2.5727296148561547,3.8888805316756923,11.938502544190516,0.007106228737594694,0.8254234676839656
5,29-041-Izd2-w35-Cc10-5-les3,29-041-Izd2-w35-Ki67-7-les3,predict_per_level,0.4068041518330574,0.5516746938228607,0.9584788456559181,0.06005213409662247,121,0,8,10,0.02425826774676021,0.0,14.736972837785341,2.572747388877544,3.88889550874782,11.93852293612609,0.007106277831856621,0.8254222616003564
5,29-041-Izd2-w35-Cc10-5-les3,29-041-Izd2-w35-Ki67-7-les3,predict_pair_full,0.4068041518330574,0.5572548806667328,0.9640590324997902,0.021668117493391037,140,0,8,10,0.024253237303877073,0.0,14.736972837785341,2.57275109258267,3.8889053260092523,11.938534958892868,0.00710628806199338,0.8254220102797379
6,29-041-Izd2-w35-Cc10-5-les3,29-041-Izd2-w35-proSPC-4-les3,fixed_1_1,0.40470178984105587,3.570641178637743,3.975342968478799,1.0095536708831787e-05,1219,0,8,10,-0.06344923893646576,6.103515625e-05,16.92100306558365,13.018257000708758,14.549930509854784,31.599132686136468,0.035958194548556276,0.2306450775848422
6,29-041-Izd2-w35-Cc10-5-les3,29-041-Izd2-w35-proSPC-4-les3,fixed_1_18,0.40470178984105587,2.1641795113682747,2.5688813012093306,1.0659918189048767e-05,722,0,8,10,-0.06344957263986539,6.103515625e-05,16.92100306558365,13.01808548044624,14.549771381133535,31.599124909915503,0.035957720786287777,0.23065521411527434
6,29-041-Izd2-w35-Cc10-5-les3,29-041-Izd2-w35-proSPC-4-les3,manual_external,0.40470178984105587,0.6974937617778778,1.1021955516189337,9.501352906227112e-06,195,0,8,10,-0.06345059905328232,6.103515625e-05,16.92100306558365,13.017942367886732,14.549656193881745,31.59910829015218,0.03595732548995457,0.23066367180297487
6,29-041-Izd2-w35-Cc10-5-les3,29-041-Izd2-w35-proSPC-4-les3,residual_balance,0.40470178984105587,2.1953819803893566,2.6000837702304125,9.728595614433289e-06,726,0,8,10,-0.06344924339818234,6.103515625e-05,16.92100306558365,13.01824637579212,14.549925806096791,31.59913503838299,0.03595816520109298,0.23064570549777352
6,29-041-Izd2-w35-Cc10-5-les3,29-041-Izd2-w35-proSPC-4-les3,adaptive_bb_proxy,0.40470178984105587,0.979605857282877,1.3843076471239328,1.004151999950409e-05,287,0,8,10,-0.06344853033870215,6.103515625e-05,16.92100306558365,13.017862887055992,14.54958798861349,31.599111600474846,0.03595710595310148,0.23066836897313858
6,29-041-Izd2-w35-Cc10-5-les3,29-041-Izd2-w35-proSPC-4-les3,predict_per_level,0.40470178984105587,0.5718464516103268,0.9765482414513826,0.058427710086107254,122,0,8,10,-0.06345058621941321,6.103515625e-05,16.92100306558365,13.01787567841615,14.54959342001764,31.599119222682237,0.03595714128457612,0.23066761302740013
6,29-041-Izd2-w35-Cc10-5-les3,29-041-Izd2-w35-proSPC-4-les3,predict_pair_full,0.40470178984105587,0.5581341907382011,0.962835980579257,0.021851444616913795,141,0,8,10,-0.06345055372621661,6.103515625e-05,16.92100306558365,13.017887735298368,14.54960245267618,31.599120129804433,0.0359571745873229,0.23066690048795013
7,29-041-Izd2-w35-He-les3,29-041-Izd2-w35-Ki67-7-les3,fixed_1_1,0.39324904792010784,4.391407398506999,4.784656446427107,1.2680888175964355e-05,1360,0,8,11,0.047799884271424065,0.0,11.607179650620981,9.194977286287042,10.195553027282566,21.898770405632145,0.025397776531210333,0.20781985262069136
7,29-041-Izd2-w35-He-les3,29-041-Izd2-w35-Ki67-7-les3,fixed_1_18,0.39324904792010784,2.6515163108706474,3.0447653587907553,1.1902302503585815e-05,806,0,8,11,0.04779766876934788,0.0,11.607179650620981,9.194918088706373,10.195403910504172,21.898734001018955,0.025397613019449705,0.2078249527037822
7,29-041-Izd2-w35-He-les3,29-041-Izd2-w35-Ki67-7-les3,manual_external,0.39324904792010784,0.8354024011641741,1.228651449084282,1.1129304766654968e-05,213,0,8,11,0.04779855220868909,0.0,11.607179650620981,9.194875339673008,10.195298953570425,21.89871080369531,0.025397494940811494,0.20782863568575127
7,29-041-Izd2-w35-He-les3,29-041-Izd2-w35-Ki67-7-les3,residual_balance,0.39324904792010784,2.671253329142928,3.064502377063036,1.169554889202118e-05,809,0,8,11,0.0478001164249498,0.0,11.607179650620981,9.194972027348918,10.195540278541491,21.898770271278455,0.025397762005308733,0.20782030569700116
7,29-041-Izd2-w35-He-les3,29-041-Izd2-w35-Ki67-7-les3,adaptive_bb_proxy,0.39324904792010784,1.2285261321812868,1.6217751801013947,1.1080875992774963e-05,326,0,8,11,0.04779988588521619,0.0,11.607179650620981,9.194841695268238,10.19523065836592,21.898699297936943,0.02539740201039446,0.20783153427143553
7,29-041-Izd2-w35-He-les3,29-041-Izd2-w35-Ki67-7-les3,predict_per_level,0.39324904792010784,0.6910108923912048,1.0842599403113127,0.060355860739946365,144,0,8,11,0.04779666346462616,0.0,11.607179650620981,9.19484912619024,10.195239809573726,21.898705806721928,0.02539742253561062,0.2078308940709539
7,29-041-Izd2-w35-He-les3,29-041-Izd2-w35-Ki67-7-les3,predict_pair_full,0.39324904792010784,0.6692613400518894,1.0625103879719973,0.021874256432056427,154,0,8,11,0.04779629716389036,0.0,11.607179650620981,9.194853375779564,10.19524811039042,21.898707202356928,0.0253974342735537,0.20783052795364965
8,29-041-Izd2-w35-He-les3,29-041-Izd2-w35-proSPC-4-les3,fixed_1_1,0.40537206269800663,3.5492076072841883,3.954579669982195,1.0073184967041016e-05,1197,0,7,10,-0.08855987161575665,0.0001220703125,15.339291583350814,11.052674403339601,13.532241536945595,34.04109245835732,0.0305289883626891,0.2794533995731514
8,29-041-Izd2-w35-He-les3,29-041-Izd2-w35-proSPC-4-les3,fixed_1_18,0.40537206269800663,2.1727909687906504,2.578163031488657,1.033395528793335e-05,707,0,7,10,-0.08854771681429502,0.0001220703125,15.339291583350814,11.052235917028465,13.532116533233852,34.04119507040184,0.030527777203923235,0.2794819853985627
8,29-041-Izd2-w35-He-les3,29-041-Izd2-w35-proSPC-4-les3,manual_external,0.40537206269800663,0.6960392836481333,1.10141134634614,9.875744581222534e-06,191,0,7,10,-0.08854289423567457,0.0001220703125,15.339291583350814,11.051947198553282,13.532028851032408,34.04130932031294,0.03052697972426833,0.2795008075503951
8,29-041-Izd2-w35-He-les3,29-041-Izd2-w35-proSPC-4-les3,residual_balance,0.40537206269800663,2.159488335251808,2.564860397949815,1.0007992386817932e-05,716,0,7,10,-0.08855987785647598,0.0001220703125,15.339291583350814,11.052647034215102,13.532233816682123,34.04110377400516,0.030528912765448755,0.27945518382272705
8,29-041-Izd2-w35-He-les3,29-041-Izd2-w35-proSPC-4-les3,adaptive_bb_proxy,0.40537206269800663,0.9962465465068817,1.4016186092048883,1.0658055543899536e-05,292,0,7,10,-0.0885360586750138,0.0001220703125,15.339291583350814,11.051695492667498,13.531967456637872,34.041342110378444,0.03052628447841402,0.27951721677532027
8,29-041-Izd2-w35-He-les3,29-041-Izd2-w35-proSPC-4-les3,predict_per_level,0.40537206269800663,0.5629490707069635,0.9683211334049702,0.05978417582809925,128,0,7,10,-0.08853687573423641,0.0001220703125,15.339291583350814,11.051736151414072,13.531972544586973,34.04133586007766,0.03052639678339612,0.2795145661479199
8,29-041-Izd2-w35-He-les3,29-041-Izd2-w35-proSPC-4-les3,predict_pair_full,0.40537206269800663,0.5617006476968527,0.9670727103948593,0.02143475040793419,142,0,7,10,-0.08853715046565769,0.0001220703125,15.339291583350814,11.051747751843413,13.531976038092107,34.041332148278016,0.03052642882535804,0.2795138098920473
9,29-041-Izd2-w35-Ki67-7-les3,29-041-Izd2-w35-proSPC-4-les3,fixed_1_1,0.4075989555567503,3.600827779620886,4.008426735177636,1.0721385478973389e-05,1246,0,7,10,-0.02739620687720143,1.52587890625e-05,13.784747526920647,7.40024705669733,8.508562629211994,19.70146438307959,0.020440487797837775,0.46315686651168875
9,29-041-Izd2-w35-Ki67-7-les3,29-041-Izd2-w35-proSPC-4-les3,fixed_1_18,0.4075989555567503,2.211547603830695,2.6191465593874454,1.0173767805099487e-05,735,0,7,10,-0.027389011397260687,1.52587890625e-05,13.784747526920647,7.400071669066646,8.508388217420523,19.701514615219033,0.02044000335337296,0.4631695898227498
9,29-041-Izd2-w35-Ki67-7-les3,29-041-Izd2-w35-proSPC-4-les3,manual_external,0.4075989555567503,0.7442062050104141,1.1518051605671644,1.0075047612190247e-05,227,0,7,10,-0.02738110374187308,1.52587890625e-05,13.784747526920647,7.39989407678075,8.50821775031304,19.701552457819698,0.020439512819350917,0.4631824730682027
9,29-041-Izd2-w35-Ki67-7-les3,29-041-Izd2-w35-proSPC-4-les3,residual_balance,0.4075989555567503,2.213616417720914,2.621215373277664,1.002289354801178e-05,742,0,7,10,-0.027395446646972327,1.52587890625e-05,13.784747526920647,7.400225081781011,8.50854358582159,19.70146702931834,0.020440427100133305,0.463158460658863
9,29-041-Izd2-w35-Ki67-7-les3,29-041-Izd2-w35-proSPC-4-les3,adaptive_bb_proxy,0.4075989555567503,1.0231419522315264,1.4307409077882767,1.0281801223754883e-05,304,0,7,10,-0.027380121268456292,1.52587890625e-05,13.784747526920647,7.39989206230922,8.508201885739913,19.701555527090985,0.02043950725510686,0.4631826192059195
9,29-041-Izd2-w35-Ki67-7-les3,29-041-Izd2-w35-proSPC-4-les3,predict_per_level,0.4075989555567503,0.5866960417479277,0.994294997304678,0.059813011437654495,135,0,7,10,-0.027381239807205582,1.52587890625e-05,13.784747526920647,7.399883369777042,8.508209023010702,19.701554543913804,0.020439483245151976,0.4631832497965169
9,29-041-Izd2-w35-Ki67-7-les3,29-041-Izd2-w35-proSPC-4-les3,predict_pair_full,0.4075989555567503,0.5706671290099621,0.9782660845667124,0.02210359461605549,140,0,7,10,-0.027381516518579785,1.52587890625e-05,13.784747526920647,7.399890269451317,8.508215347294241,19.70155480874824,0.020439502302989743,0.46318274926690894
