repetition,category,case,method,total_seconds,tuning_seconds,total_inner_iterations,mse_after
0,histology_ihc,3,predict_pair_full,1.5627300683408976,0.023582739755511284,184,0.0052322839782276125
0,histology_ihc,3,manual_global,2.7404597643762827,1.8535181879997253e-05,365,0.005232580163285997
0,histology_ihc,4,manual_global,2.19882720336318,1.718476414680481e-05,324,0.0068323482623073506
0,histology_ihc,4,predict_pair_full,1.2140186317265034,0.02186119183897972,167,0.00683204798694805
0,histology_ihc,5,predict_pair_full,1.0624194964766502,0.022018052637577057,168,0.0078086608024658674
0,histology_ihc,5,manual_global,1.7480400800704956,1.533515751361847e-05,304,0.007808990138154927
0,retina_cc0,3,predict_pair_full,1.3814657125622034,0.02114470861852169,180,0.0006988302359903102
0,retina_cc0,3,manual_global,2.332889238372445,1.996941864490509e-05,317,0.0006989219225861421
0,retina_cc0,4,manual_global,2.388338588178158,2.051517367362976e-05,317,0.0007324239019168637
0,retina_cc0,4,predict_pair_full,1.4960820581763983,0.025341063737869263,180,0.0007323548685283412
0,retina_cc0,5,predict_pair_full,1.4108283277601004,0.03216662257909775,180,0.0008380413073767593
0,retina_cc0,5,manual_global,2.413633320480585,2.1085143089294434e-05,322,0.000838108330401972
1,histology_ihc,3,manual_global,2.8283351957798004,2.1841377019882202e-05,365,0.005232580163285997
1,histology_ihc,3,predict_pair_full,1.6283596362918615,0.021905185654759407,184,0.0052322839782276125
1,histology_ihc,4,predict_pair_full,1.2257281076163054,0.02218310721218586,167,0.00683204798694805
1,histology_ihc,4,manual_global,2.115194560959935,1.7520040273666382e-05,324,0.0068323482623073506
1,histology_ihc,5,manual_global,1.7356717605143785,1.675821840763092e-05,304,0.007808990138154927
1,histology_ihc,5,predict_pair_full,1.0623776130378246,0.02265729196369648,168,0.0078086608024658674
1,retina_cc0,3,manual_global,2.324843145906925,1.9492581486701965e-05,317,0.0006989219225861421
1,retina_cc0,3,predict_pair_full,1.3679718933999538,0.021759312599897385,180,0.0006988302359903102
1,retina_cc0,4,predict_pair_full,1.3727250676602125,0.0227994192391634,180,0.0007323548685283412
1,retina_cc0,4,manual_global,2.319868454709649,2.084299921989441e-05,317,0.0007324239019168637
1,retina_cc0,5,manual_global,2.373658550903201,2.0118430256843567e-05,322,0.000838108330401972
1,retina_cc0,5,predict_pair_full,1.3581172749400139,0.023373045027256012,180,0.0008380413073767593
2,histology_ihc,3,predict_pair_full,1.5779477655887604,0.023277057334780693,184,0.0052322839782276125
2,histology_ihc,3,manual_global,2.816140739247203,2.160109579563141e-05,365,0.005232580163285997
2,histology_ihc,4,manual_global,2.179628597572446,1.936405897140503e-05,324,0.0068323482623073506
2,histology_ihc,4,predict_pair_full,1.2271095216274261,0.021775532513856888,167,0.00683204798694805
2,histology_ihc,5,predict_pair_full,1.831532632932067,0.022475311532616615,168,0.0078086608024658674
2,histology_ihc,5,manual_global,3.185941180214286,3.531016409397125e-05,304,0.007808990138154927
2,retina_cc0,3,predict_pair_full,2.5944168381392956,0.03680565766990185,180,0.0006988302359903102
2,retina_cc0,3,manual_global,3.665033521130681,3.185868263244629e-05,317,0.0006989219225861421
2,retina_cc0,4,manual_global,3.5437616147100925,2.8166919946670532e-05,317,0.0007324239019168637
2,retina_cc0,4,predict_pair_full,2.093651909381151,0.0332330372184515,180,0.0007323548685283412
2,retina_cc0,5,predict_pair_full,2.0559275187551975,0.03264807537198067,180,0.0008380413073767593
2,retina_cc0,5,manual_global,3.5796905644237995,3.018602728843689e-05,322,0.000838108330401972
3,histology_ihc,3,manual_global,4.260397618636489,3.070756793022156e-05,365,0.005232580163285997
3,histology_ihc,3,predict_pair_full,2.412308456376195,0.031915538012981415,184,0.0052322839782276125
3,histology_ihc,4,predict_pair_full,1.9128012228757143,0.0322312880307436,167,0.00683204798694805
3,histology_ihc,4,manual_global,3.294415332376957,2.53971666097641e-05,324,0.0068323482623073506
3,histology_ihc,5,manual_global,2.0009977240115404,1.819990575313568e-05,304,0.007808990138154927
3,histology_ihc,5,predict_pair_full,1.058525612577796,0.021573591977357864,168,0.0078086608024658674
3,retina_cc0,3,manual_global,2.646453546360135,2.1029263734817505e-05,317,0.0006989219225861421
3,retina_cc0,3,predict_pair_full,2.13627877086401,0.02129935845732689,180,0.0006988302359903102
3,retina_cc0,4,predict_pair_full,2.2125251162797213,0.03219074383378029,180,0.0007323548685283412
3,retina_cc0,4,manual_global,3.750947704538703,4.0587037801742554e-05,317,0.0007324239019168637
3,retina_cc0,5,manual_global,3.8938108179718256,2.962537109851837e-05,322,0.000838108330401972
3,retina_cc0,5,predict_pair_full,2.2359627708792686,0.03469077683985233,180,0.0008380413073767593
4,histology_ihc,3,predict_pair_full,2.6208156682550907,0.034367725253105164,184,0.0052322839782276125
4,histology_ihc,3,manual_global,4.612896852195263,3.016553819179535e-05,365,0.005232580163285997
4,histology_ihc,4,manual_global,3.5291065871715546,2.7647241950035095e-05,324,0.0068323482623073506
4,histology_ihc,4,predict_pair_full,2.096644412726164,0.03426657058298588,167,0.00683204798694805
4,histology_ihc,5,predict_pair_full,1.8062766399234533,0.03472461737692356,168,0.0078086608024658674
4,histology_ihc,5,manual_global,2.8665394708514214,2.2737309336662292e-05,304,0.007808990138154927
4,retina_cc0,3,predict_pair_full,2.2527324464172125,0.03471948765218258,180,0.0006988302359903102
4,retina_cc0,3,manual_global,4.034203514456749,3.209710121154785e-05,317,0.0006989219225861421
4,retina_cc0,4,manual_global,3.7347204349935055,2.9945746064186096e-05,317,0.0007324239019168637
4,retina_cc0,4,predict_pair_full,2.2206084709614515,0.034707777202129364,180,0.0007323548685283412
4,retina_cc0,5,predict_pair_full,2.2529353722929955,0.0349079854786396,180,0.0008380413073767593
4,retina_cc0,5,manual_global,3.8193137869238853,3.085099160671234e-05,322,0.000838108330401972
